RESULT_COUNT: 966,PAGE_SIZE: 10000,CURRENT_PAGE: 1,TOTAL_PAGES: 1,API_CALL_CREDITS: 1
TICKER,FIGI_TICKER,FIGI,COMPOSITE_FIGI,COMPOSITE_FIGI_TICKER,SECURITY_NAME,MARKET_SECTOR,SECURITY_TYPE,STOCK_EXCHANGE,LAST_CRSP_ADJ_DATE
0001,SCT:MK,BBG000BGQW39,BBG000BGQVT3,SCT:MK,SUPERCOMNET TECHNOLOGIES BERHAD,Equity,Common Stock,,2016-06-07
0002,KTRI:MK,BBG000BDDMJ5,BBG000BDDM41,KTRI:MK,KOTRA INDUSTRIES BHD,Equity,Common Stock,,2017-03-06
0005,PMB:MK,BBG000BGR804,BBG000BGR7M2,PMB:MK,PALETTE MULTIMEDIA BHD,Equity,Common Stock,,2014-08-25
0006,PINE:MK,BBG000BGR2V3,BBG000BGR2F1,PINE:MK,PINEAPPLE RESOURCES BERHAD,Equity,Common Stock,,
0007,PUCF:MK,BBG000BJQTL0,BBG000BJQSW0,PUCF:MK,PUC FOUNDER,Equity,Common Stock,,2014-12-23
0008,WLW:MK,BBG000BPTFS6,BBG000BPTF97,WLW:MK,WILLOWGLEN MSC BHD,Equity,Common Stock,,2017-05-11
0010,ICB:MK,BBG000KVQ0N4,BBG000KVQ009,ICB:MK,IRIS CORP BERHAD,Equity,Common Stock,,2013-11-06
0010PA,ICBMK 3 06/24/11:BURSA MALAYSIA,BBG0000097N8,,ICBMK 3 06/24/11:BURSA MALAYSIA,IRIS CORP BHD,Pfd,PUBLIC,,
0011,BTEC:MK,BBG000NKKS41,BBG000NKKRQ9,BTEC:MK,BRITE-TECH BERHAD,Equity,Common Stock,,2017-09-13
0012,TARE:MK,BBG000NNXFL0,BBG000NNXFC0,TARE:MK,THREE-A RESOURCES BHD,Equity,Common Stock,,2017-05-23
0017,M3T:MK,BBG000LJJJ93,BBG000LJJHK4,M3T:MK,M3 TECHNOLOGIES (ASIA) BERHAD,Equity,Common Stock,,2016-07-11
0018,ACC:MK,BBG000M84271,BBG000M841L7,ACC:MK,ACCSOFT TECHNOLOGY BERHAD,Equity,Common Stock,,
0020,NETX:MK,BBG000CKZXZ2,BBG000CKZX19,NETX:MK,NETX HOLDINGS BERHAD,Equity,Common Stock,,2016-05-16
0021,GHLS:MK,BBG000FL5X17,BBG000FL5WS0,GHLS:MK,GHL SYSTEMS BHD,Equity,Common Stock,,2017-03-03
0023,IFCA:MK,BBG000PPHJ97,BBG000PPHHY3,IFCA:MK,IFCA MSC BERHAD,Equity,Common Stock,,
0024,JAG:MK,BBG000DBD8J8,BBG000DBD7R1,JAG:MK,JAG BERHAD,Equity,Common Stock,,2014-08-11
0025,LNGR:MK,BBG000DC61K7,BBG000DC6172,LNGR:MK,LNG RESOURCES BERHAD,Equity,Common Stock,,2011-09-07
0026,NOVM:MK,BBG000NBB783,BBG000NBB676,NOVM:MK,NOVA MSC BERHAD,Equity,Common Stock,,
0028,SCP:MK,BBG000BC2KL0,BBG000BC2K49,SCP:MK,SCOPE INDUSTRIES BERHAD,Equity,Common Stock,,2012-07-12
0029,DICB:MK,BBG000BW9YX6,BBG000BW9YR3,DICB:MK,DIGISTAR CORPORATION BERHAD,Equity,Common Stock,,2013-03-11
0032,RIB:MK,BBG000DZ03F4,BBG000DZ02Y5,RIB:MK,REDTONE INTERNATIONAL BHD,Equity,Common Stock,,2015-01-22
0034,MMAG:MK,BBG000CCGDH5,BBG000CCGD85,MMAG:MK,MMAG HOLDINGS BERHAD,Equity,Common Stock,,2017-06-01
0035,OHB:MK,BBG000DFZXX4,BBG000DFZXC7,OHB:MK,OPCOM HOLDINGS BERHAD,Equity,Common Stock,,2012-09-14
0036,KAG:MK,BBG000F4HKQ3,BBG000F4HKD7,KAG:MK,KEY ALLIANCE GROUP BERHAD,Equity,Common Stock,,
0037,RGB:MK,BBG000GK59C9,BBG000GK57Q8,RGB:MK,RGB INTERNATIONAL BHD,Equity,Common Stock,,2017-06-13
0038,PTB:MK,BBG000GNLHB8,BBG000GNLH37,PTB:MK,PLASTRADE TECHNOLOGY BHD,Equity,Common Stock,,
0039,GFM:MK,BBG00FJ21811,BBG00FJ21802,GFM:MK,GFM SERVICES BHD,Equity,Common Stock,,
0039,GFM:MK,BBG00FJ21811,BBG00FJ21802,GFM:MK,GFM SERVICES BERHAD,Equity,Common Stock,,2017-06-06
0040,OPEN:MK,BBG000H8ZBB8,BBG000H8ZB28,OPEN:MK,OPENSYS (M) BHD,Equity,Common Stock,,2017-03-29
0041,PAN:MK,BBG000NDNBY8,BBG000NDNBK3,PAN:MK,PANPAGES BERHAD,Equity,Common Stock,,2013-09-26
0043,MEGB:MK,BBG000PPH6Z6,BBG000PPH6S4,MEGB:MK,METRONIC GLOBAL BHD,Equity,Common Stock,,2007-07-09
0045,GNB:MK,BBG000PV3116,BBG000PV2ZT2,GNB:MK,G NEPTUNE BERHAD,Equity,Common Stock,,
0047,PPT:MK,BBG000PX6S10,BBG000PX6QQ7,PPT:MK,PERISAI PETROLEUM TEKNOLOGI BHD,Equity,Common Stock,,2009-05-20
0048,ALB:MK,BBG000KX6RS8,BBG000KX6R99,ALB:MK,ANCOM LOGISTICS BERHAD,Equity,Common Stock,,2014-05-28
0049,OCP:MK,BBG000Q36Q73,BBG000Q36PL9,OCP:MK,OCEANCASH PACIFIC BHD,Equity,Common Stock,,2015-12-08
0050,SYTC:MK,BBG000Q37471,BBG000Q373Y3,SYTC:MK,SYSTECH BHD,Equity,Common Stock,,2016-08-29
0051,CUSC:MK,BBG000Q373M6,BBG000Q373D6,CUSC:MK,CUSCAPI BERHAD,Equity,Common Stock,,2012-03-28
0053,OSKV:MK,BBG000Q4S635,BBG000Q4S5N5,OSKV:MK,OSK VENTURES INTERNATIONAL BHD,Equity,Common Stock,,2012-08-28
0054,KARY:MK,BBG000BGCM72,BBG000BGCLZ3,KARY:MK,KARYON INDUSTRIES BHD,Equity,Common Stock,,2015-06-17
0055,SER:MK,BBG000Q8WB21,BBG000Q8W9N3,SER:MK,SERSOL BERHAD,Equity,Common Stock,,2013-03-27
0056,GFLO:MK,BBG000QC81F7,BBG000QC8112,GFLO:MK,GRAND-FLO BERHAD,Equity,Common Stock,,2016-06-28
0058,JCB:MK,BBG000QD2Z66,BBG000QD2YR6,JCB:MK,JCBNEXT BERHAD,Equity,Common Stock,,2017-07-07
0059,MMB:MK,BBG000QLH3J9,BBG000QLH381,MMB:MK,M-MODE BERHAD,Equity,Common Stock,,2016-06-07
0060,SKH:MK,BBG000J46DT4,BBG000J46DC2,SKH:MK,SKH CONSORTIUM BERHAD,Equity,Common Stock,,2011-12-16
0064,EES:MK,BBG000QMB8G5,BBG000QMB4V7,EES:MK,EFFICIENT E-SOLUTIONS BERHAD,Equity,Common Stock,,2016-04-01
0065,EFM:MK,BBG000QMB9V6,BBG000QMB9G3,EFM:MK,EXCEL FORCE MSC BHD,Equity,Common Stock,,2017-06-16
0066,VSOL:MK,BBG000QMB991,BBG000QMB8X6,VSOL:MK,VSOLAR GROUP BERHAD,Equity,Common Stock,,2012-11-01
0068,ASD:MK,BBG000MVLTT8,BBG000MVLSC8,ASD:MK,ASDION BHD,Equity,Common Stock,,
0069,VIVO:MK,BBG000QQCQY5,BBG000QQCQP5,VIVO:MK,VIVOCOM INTL HOLDINGS BERHAD,Equity,Common Stock,,2016-09-05
0070,MQ:MK,BBG000QQH5L0,BBG000QQH594,MQ:MK,MQ TECHNOLOGY BHD,Equity,Common Stock,,2016-10-26
0072,ATSY:MK,BBG000QSWN03,BBG000QSWM69,ATSY:MK,AT SYSTEMATIZATION BHD,Equity,Common Stock,,2017-09-12
0074,GOCB:MK,BBG000BWPHN6,BBG000BWPGN8,GOCB:MK,GREEN OCEAN CORPORATION BERHAD,Equity,Common Stock,,
0075,MEXT:MK,BBG000D40Y65,BBG000D40XC0,MEXT:MK,MEXTER TECHNOLOGY BHD,Equity,Common Stock,,2013-08-22
0078,GDX:MK,BBG000G8F828,BBG000G8F7D8,GDX:MK,GD EXPRESS CARRIER BHD,Equity,Common Stock,,2017-06-07
0079,ORI:MK,BBG000G8Y113,BBG000G8Y0P9,ORI:MK,ORION IXL BERHAD,Equity,Common Stock,,2017-06-30
0080,RAYA:MK,BBG000FYPVX6,BBG000FYPVK0,RAYA:MK,RAYA INTERNATIONAL BERHAD,Equity,Common Stock,,2017-07-17
0081,MEGA:MK,BBG000GFZNV5,BBG000GFZNB7,MEGA:MK,MEGA SUN CITY HOLDINGS BERHAD,Equity,Common Stock,,2007-01-03
0082,GRPB:MK,BBG000GH9T47,BBG000GH9SF7,GRPB:MK,GREEN PACKET BHD,Equity,Common Stock,,2007-07-13
0083,NVB:MK,BBG000GL6VX4,BBG000GL6VC7,NVB:MK,NOTION VTEC BHD,Equity,Common Stock,,2017-09-05
0084,TECF:MK,BBG000C3T347,BBG000C3T2W8,TECF:MK,TECHFAST HOLDINGS BHD,Equity,Common Stock,,2017-09-08
0085,MLAB:MK,BBG000BZSNW3,BBG000BZSNM4,MLAB:MK,MLABS SYSTEMS BHD,Equity,Common Stock,,2017-08-09
0086,YGLC:MK,BBG000GYDKF2,BBG000GYDJX5,YGLC:MK,YGL CONVERGENCE BHD,Equity,Common Stock,,2008-02-12
0089,TEXC:MK,BBG000H7ZHX3,BBG000H7ZHB7,TEXC:MK,TEX CYCLE TECHNOLOGY (M) BHD,Equity,Common Stock,,2017-08-29
0090,ELSR:MK,BBG000H80QG8,BBG000H80PJ7,ELSR:MK,ELSOFT RESEARCH BHD,Equity,Common Stock,,2017-09-13
0091,DAYA:MK,BBG000H9C8F4,BBG000H9C7N7,DAYA:MK,DAYA MATERIALS BHD,Equity,Common Stock,,2013-07-29
0092,MTTB:MK,BBG000H9CBB1,BBG000H9CB58,MTTB:MK,MTOUCHE TECHNOLOGY BHD,Equity,Common Stock,,2017-03-22
0093,SOLE:MK,BBG000H9C4N4,BBG000H9C409,SOLE:MK,SOLUTION ENGINEERING HLDGS BHD,Equity,Common Stock,,2016-12-08
0094,INIX:MK,BBG000HZT4D9,BBG000HZT3H7,INIX:MK,INIX TECHNOLOGIES HOLDINGS BHD,Equity,Common Stock,,2016-09-21
0095,XHB:MK,BBG000HZT2R8,BBG000HZS0J2,XHB:MK,XINGHE HOLDINGS BERHAD,Equity,Common Stock,,2015-08-20
0096,NNCB:MK,BBG000DQ15R5,BBG000DQ15H6,NNCB:MK,NEXGRAM HOLDINGS BERHAD,Equity,Common Stock,,2014-04-21
0097,VITRO:MK,BBG000C4XMW7,BBG000C4XMQ4,VITRO:MK,VITROX CORPORATION BHD,Equity,Common Stock,,2017-07-19
0098,BORN:MK,BBG000J2Z2L8,BBG000J2Z1L0,BORN:MK,BORNEO AQUA HARVEST BHD,Equity,Common Stock,,2017-08-14
0099,SCIC:MK,BBG000C3FMY7,BBG000C3FM95,SCIC:MK,SCICOM MSC BHD,Equity,Common Stock,,2017-09-08
0100,ESC:MK,BBG000D6S233,BBG000D6S1P1,ESC:MK,ES CERAMICS TECHNOLOGY BHD,Equity,Common Stock,,2016-09-22
0101,TMCL:MK,BBG000FDFVH1,BBG000FDFT13,TMCL:MK,TMC LIFE SCIENCES BHD,Equity,Common Stock,,2017-01-26
0102,CCHB:MK,BBG000JHQFD5,BBG000JHPC61,CCHB:MK,CONNECTCOUNTY HOLDINGS BHD,Equity,Common Stock,,2016-05-13
0102PA,CONNMK V0 06/07/21 ICPS:BURSA MALAYSIA,BBG00D33FFG4,,CONNMK V0 06/07/21 ICPS:BURSA MALAYSIA,CONNECTCOUNTY HOLDINGS BHD,Pfd,PUBLIC,,2017-07-03
0103,MNCW:MK,BBG000JFVHK1,BBG000JFVGK3,MNCW:MK,M N C WIRELESS BHD,Equity,Common Stock,,2016-10-11
0104,GENE:MK,BBG000JFVV66,BBG000JFVT07,GENE:MK,GENETEC TECHNOLOGY BHD,Equity,Common Stock,,2011-09-06
0105,ASPO:MK,BBG000JHPBH1,BBG000JHP8Y9,ASPO:MK,ASIA POLY HOLDINGS BHD,Equity,Common Stock,,2017-05-26
0106,REXI:MK,BBG000K3CYJ2,BBG000K3CY57,REXI:MK,REXIT BHD,Equity,Common Stock,,2016-12-13
0107,EDHB:MK,BBG000J2MTT5,BBG000J2MT24,EDHB:MK,EDUSPEC HOLDINGS BERHAD,Equity,Common Stock,,2013-11-27
0108,N2N:MK,BBG000KNN0H2,BBG000KNMZT3,N2N:MK,N2N CONNECT BHD,Equity,Common Stock,,2017-08-11
0109,SC:MK,BBG000KDXQ68,BBG000KDXP97,SC:MK,SC ESTATE BUILDER BERHAD,Equity,Common Stock,,2014-10-13
0111,KONE:MK,BBG000D4S522,BBG000D4S4B5,KONE:MK,K-ONE TECHNOLOGY BERHAD,Equity,Common Stock,,2015-03-31
0112,MKRMB:MK,BBG000BKK4L8,BBG000BKK3C0,MKRMB:MK,MIKRO MSC BERHAD,Equity,Common Stock,,2017-07-18
0113,MMSV:MK,BBG000L1YFR3,BBG000L1YDZ9,MMSV:MK,MMS VENTURES BHD,Equity,Common Stock,,2017-03-15
0116,FDGB:MK,BBG000D7NM69,BBG000D7NLZ9,FDGB:MK,FOCUS DYNAMICS GROUP BERHAD,Equity,Common Stock,,2014-10-13
0117,SMRT:MK,BBG000BYQV32,BBG000BYQTJ0,SMRT:MK,SMRT HOLDINGS BERHAD,Equity,Common Stock,,2013-07-15
0118,TRIV:MK,BBG000CWQ3Y3,BBG000CWQ3M6,TRIV:MK,TRIVE PROPERTY GROUP BERHAD,Equity,Common Stock,,2017-08-23
0119,APP:MK,BBG000BGL766,BBG000BGL6F8,APP:MK,APPASIA BERHAD,Equity,Common Stock,,2014-12-01
0120,VHB:MK,BBG000NDYW61,BBG000NDYVJ9,VHB:MK,VISDYNAMICS HOLDINGS BERHAD,Equity,Common Stock,,2017-04-05
0122,AIMB:MK,BBG000KWN5V5,BBG000KWN572,AIMB:MK,ADVANCE INFORMATION MARKETING BHD,Equity,Common Stock,,2010-10-11
0123,PRTB:MK,BBG000C1XW33,BBG000C1XV62,PRTB:MK,PRIVASIA TECHNOLOGY BERHAD,Equity,Common Stock,,2015-06-24
0126,MICL:MK,BBG000KG5103,BBG000KG50T4,MICL:MK,MICROLINK SOLUTIONS BHD,Equity,Common Stock,,2014-03-05
0127,JHMC:MK,BBG000C7MSG7,BBG000C7MS59,JHMC:MK,JHM CONSOLIDATION BERHAD,Equity,Common Stock,,2017-06-15
0128,FRCB:MK,BBG000PP0X21,BBG000PP0WW0,FRCB:MK,FRONTKEN CORPORATION BHD,Equity,Common Stock,,2017-09-15
0129,SRHB:MK,BBG000LXDQJ1,BBG000LXDQ10,SRHB:MK,SILVER RIDGE HOLDINGS,Equity,Common Stock,,2016-11-28
0131,DGSB:MK,BBG000PRFVR8,BBG000PRFV43,DGSB:MK,DIVERSIFIED GATEWAY SOLUTIONS BERHAD,Equity,Common Stock,,
0132,TDEX:MK,BBG000BM3CK6,BBG000BM3C80,TDEX:MK,TECHNODEX BHD,Equity,Common Stock,,2013-08-23
0133,SANI:MK,BBG000C1ZM88,BBG000C1ZLZ0,SANI:MK,SANICHI TECHNOLOGY BHD,Equity,Common Stock,,2017-08-30
0136,GREE:MK,BBG000PHGFF7,BBG000PHGDL5,GREE:MK,GREENYIELD BHD,Equity,Common Stock,,2016-12-30
0138,MYEG:MK,BBG000PPG4P3,BBG000PPG4C7,MYEG:MK,MY EG SERVICES BHD,Equity,Common Stock,,2017-04-21
0140,STL:MK,BBG000BVS3R2,BBG000BVS3B9,STL:MK,STERLING PROGRESS BERHAD,Equity,Common Stock,,2017-01-18
0143,KEYA:MK,BBG000DQQLP5,BBG000DQQL11,KEYA:MK,KEY ASIC BERHAD,Equity,Common Stock,,2015-01-05
0145,TFPS:MK,BBG000VB3PP4,BBG000VB3P65,TFPS:MK,TFP SOLUTIONS BHD,Equity,Common Stock,,2008-06-26
0146,JFTB:MK,BBG000TC3JR7,BBG000TC3J33,JFTB:MK,JF TECHNOLOGY BHD,Equity,Common Stock,,2016-03-09
0147,INNC:MK,BBG000GB7JH0,BBG000GB7HH4,INNC:MK,INNITY CORPORATION BEHARD,Equity,Common Stock,,
0148,SUNZ:MK,BBG000DZ8FV1,BBG000DZ8F78,SUNZ:MK,SUNZEN BIOTECH BERHAD,Equity,Common Stock,,2016-01-29
0149,FIBON:MK,BBG000BN10Y7,BBG000BN10F8,FIBON:MK,FIBON BERHAD,Equity,Common Stock,,2016-12-06
0150,ABIO:MK,BBG000CGJTX0,BBG000CGJTM2,ABIO:MK,ASIA BIOENERGY TECHNOLOGIES BHD,Equity,Common Stock,,
0151,KGRB:MK,BBG000PPYSQ9,BBG000PPYRF3,KGRB:MK,KELINGTON GROUP BERHAD,Equity,Common Stock,,2015-07-09
0152,DGB:MK,BBG000PX3C09,BBG000PX39F0,DGB:MK,DGB ASIA BERHAD,Equity,Common Stock,,2016-09-13
0153,OVSE:MK,BBG000QJ1ST5,BBG000QJ1S88,OVSE:MK,OVERSEA ENTERPRISE BERHAD,Equity,Common Stock,,2015-12-07
0154,EAHB:MK,BBG000R4Q8V1,BBG000R4Q7V3,EAHB:MK,EA HOLDINGS BERHAD,Equity,Common Stock,,2015-07-02
0155,MGRC:MK,BBG0015W8SF5,BBG0015W8SD7,MGRC:MK,MALAYSIAN GENOMICS RESOURCE CENTRE BERHAD,Equity,Common Stock,,
0156,MPSB:MK,BBG001JYT9L8,BBG001JYT9K9,MPSB:MK,MANAGEPAY SYSTEMS BERHAD,Equity,Common Stock,,2012-07-11
0157,FPHB:MK,BBG000R4WMX1,BBG000R4WM61,FPHB:MK,FOCUS POINT HOLDINGS BERHAD,Equity,Common Stock,,2014-10-29
0158,SCHB:MK,BBG000R4WNX9,BBG000R4WNS5,SCHB:MK,SCC HOLDINGS BERHAD,Equity,Common Stock,,2017-07-06
0159,AMGB:MK,BBG001CKD905,BBG001CKD8Z9,AMGB:MK,ASIA MEDIA GROUP BERHAD,Equity,Common Stock,,2015-12-07
0160,HHH:MK,BBG003MBXKV9,BBG003MBXKT2,HHH:MK,HIAP HUAT HOLDINGS BERHAD,Equity,Common Stock,,
0161,SCHG:MK,BBG005WQL163,BBG005WQL154,SCHG:MK,SCH GROUP BERHAD,Equity,Common Stock,,2016-11-25
0162,IDJ:MK,BBG001NW31P8,BBG001NW31N0,IDJ:MK,IDEAL JACOBS (MALAYSIA) CORPORATION BHD,Equity,Common Stock,,
0163,CPG:MK,BBG00192Z068,BBG00192Z059,CPG:MK,CAREPLUS GROUP BERHAD,Equity,Common Stock,,2016-06-20
0165,XOX:MK,BBG001Q800P3,BBG001Q800N5,XOX:MK,XOX BHD,Equity,Common Stock,,2015-11-13
0166,INRI:MK,BBG001V5BVH2,BBG001V5BVG3,INRI:MK,INARI AMERTRON BERHAD,Equity,Common Stock,,2017-09-18
0167,MTB:MK,BBG001NH96S1,BBG001NH96R2,MTB:MK,MCLEAN TECHNOLOGIES BERHAD,Equity,Common Stock,,2015-10-02
0168,BMHB:MK,BBG001MKYV39,BBG001MKYV20,BMHB:MK,BOILERMECH HOLDINGS BERHAD,Equity,Common Stock,,2017-08-24
0169,SMTG:MK,BBG001LRVK05,BBG001LRVJZ0,SMTG:MK,SMTRACK BERHAD,Equity,Common Stock,,2017-08-04
0170,KANGER:MK,BBG005P27J70,BBG005P27J61,KANGER:MK,KANGER INTERNATIONAL BERHAD,Equity,Common Stock,,2015-04-08
0171,PLAB:MK,BBG001VBZZ11,BBG001VBZZ02,PLAB:MK,PETERLABS HOLDINGS BERHAD,Equity,Common Stock,,2016-12-28
0172,OCK:MK,BBG0035SDCF9,BBG0035SDCD1,OCK:MK,OCK GROUP BERHAD,Equity,Common Stock,,2015-11-19
0173,REV:MK,BBG001V9YB38,BBG001V9YB29,REV:MK,REV ASIA BERHAD,Equity,Common Stock,,2017-08-14
0174,IDC:MK,BBG00277BJ99,BBG00277BJ80,IDC:MK,IDIMENSION CONSOLIDATED BHD,Equity,Common Stock,,2015-07-13
0175,HHR:MK,BBG006R40ZP3,BBG006R40ZN5,HHR:MK,HENG HUAT RESOURCES GROUP BERHAD,Equity,Common Stock,,2015-07-10
0176,KAB:MK,BBG006S8Y6F1,BBG006S8Y6D3,KAB:MK,KRONOLOGI ASIA BERHAD,Equity,Common Stock,,
0177,PSK:MK,BBG0038DXLS3,BBG0038DXLR4,PSK:MK,PASUKHAS GROUP BERHAD,Equity,Common Stock,,2017-04-06
0178,SDNA:MK,BBG009CM21Q5,BBG009CM21P6,SDNA:MK,SEDANIA INNOVATOR BERHAD,Equity,Common Stock,,2017-04-20
0179,BIOA:MK,BBG008D8WD06,BBG008D8WCZ0,BIOA:MK,BIOALPHA HOLDINGS BERHAD,Equity,Common Stock,,2016-12-06
0180,KTCC:MK,BBG00B9L2HJ9,BBG00B9L2HG2,KTCC:MK,KIM TECK CHEONG CONSOLIDATED BERHAD,Equity,Common Stock,,
0181,AMLS:MK,BBG008898JC1,BBG008897FC0,AMLS:MK,AEMULUS HOLDINGS BERHAD,Equity,Common Stock,,
0182,LKLI:MK,BBG00CSMPD99,BBG00CSMPD71,LKLI:MK,LKL INTERNATIONAL BERHAD,Equity,Common Stock,,2017-04-03
0183,SALUT:MK,BBG00CRG1195,BBG00CRG1186,SALUT:MK,SALUTICA BERHAD,Equity,Common Stock,,2017-09-13
0185,HSS:MK,BBG009LCBMQ1,BBG009LCBM27,HSS:MK,HSS ENGINEERS BERHAD,Equity,Common Stock,,2017-05-03
0186,PERAK:MK,BBG00DS2QLD7,BBG00DS2QLC8,PERAK:MK,PERAK TRANSIT BERHAD,Equity,Common Stock,,2017-09-12
0187,BCM:MK,BBG00DY45V47,BBG00DY45V38,BCM:MK,BCM ALLIANCE BERHAD,Equity,Common Stock,,2016-11-03
0188,HLT:MK,BBG00FM0KNR9,BBG00FM0KNQ0,HLT:MK,HLT GLOBAL BERHAD,Equity,Common Stock,,
0189,MAT:MK,BBG00FLZCBM3,BBG00FLZCBL4,MAT:MK,MATANG BERHAD,Equity,Common Stock,,
0190,ESR:MK,BBG00GD4P968,BBG001S4M897,ESR:MK,EVERSAFE RUBBER BERHAD,Equity,Common Stock,,2017-06-28
0191,CABN:MK,BBG00GM6YBN9,BBG00CGWH088,CABN:MK,CABNET HOLDINGS BERHAD,Equity,Common Stock,,2017-09-13
0192,INTA:MK,BBG00GNMNDL3,BBG002YBY2D7,INTA:MK,INTA BINA GROUP BERHAD,Equity,Common Stock,,
0800EA,MBIF:MK,BBG000HK9729,BBG000HK9676,MBIF:MK,ABF MALAYSIA BOND INDEX FUND,Equity,ETP,KLS,
0820EA,FBM30:MK,BBG000RJ70Y3,BBG000RJ70L7,FBM30:MK,FTSE BURSA MALAYSIA KLCI ETF,Equity,ETP,,
0821EA,DJIM25:MK,BBG000V8HCR3,BBG000V8HCJ2,DJIM25:MK,I-VCAP MYETF DOW JONES ISLAMIC MARKET MALAYSIA TITANS 25,Equity,ETP,KLS,
0822EA,CIMBA40:MK,BBG000BBTP32,BBG000BBTNV6,CIMBA40:MK,CIMB FTSE ASEAN 40 MALAYSIA,Equity,ETP,KLS,
0823EA,CIMBC25:MK,BBG000BBTRQ3,BBG000BBTQC0,CIMBC25:MK,CIMB FTSE CHINA 50,Equity,ETP,KLS,
0824EA,MEMMID:MK,BBG0064KZ9Y2,BBG0064KZ9W4,MEMMID:MK,I-VCAP MYETF MSCI MALAYSIA ISLAMIC DIVIDEND,Equity,ETP,KLS,
0825EA,MEMSID:MK,BBG008G5RNF7,BBG008G5RND9,MEMSID:MK,I-VCAP MYETF MSCI SEA ISLAMIC DIVIDEND,Equity,ETP,KLS,
0826EA,METAGR:MK,BBG00B9P13X6,BBG00B9P13V8,METAGR:MK,I-VCAP MYETF THOMSON REUTERS ASIA PACIFIC EX-JP ISLAMIC AGRIBUS,Equity,ETP,KLS,
1007,APRO:MK,BBG000BF46F9,BBG000BF45R8,APRO:MK,AMCORP PROPERTIES BERHAD,Equity,Common Stock,,2017-09-05
1007PA,APROMK 4 09/30/19 RCPS:BURSA MALAYSIA,BBG0076XGZZ2,,APROMK 4 09/30/19 RCPS:BURSA MALAYSIA,AMCORP PROPERTIES BERHAD,Pfd,PUBLIC,,2016-09-29
1015,AMM:MK,BBG000BF49B7,BBG000BF4865,AMM:MK,AMMB HOLDINGS BHD,Equity,Common Stock,,2016-12-06
1023,CIMB:MK,BBG000BQFHV1,BBG000BQFH41,CIMB:MK,CIMB GROUP HOLDINGS BERHAD,Equity,Common Stock,,2017-03-28
1058,MHBS:MK,BBG000BN5RN6,BBG000BN5R01,MHBS:MK,MANULIFE HOLDINGS BERHAD,Equity,Common Stock,,2017-06-28
1066,RHBBANK:MK,BBG002HR1PP3,BBG000BYVDL6,RHBBANK:MK,RHB BANK BERHARD,Equity,Common Stock,,2017-05-15
1082,HLFG:MK,BBG000BF4CF6,BBG000BF4C39,HLFG:MK,HONG LEONG FINANCIAL GROUP BHD,Equity,Common Stock,,2017-06-09
1147,GOB:MK,BBG000BF4F32,BBG000BF4DM6,GOB:MK,GLOBAL ORIENTAL BERHAD,Equity,Common Stock,,2016-09-07
1155,MAY:MK,BBG000BF4GM9,BBG000BF4FS5,MAY:MK,MALAYAN BANKING BHD,Equity,Common Stock,,2017-05-04
1163,ALLZ:MK,BBG000BN3ZK3,BBG000BN3ZD1,ALLZ:MK,ALLIANZ MALAYSIA BERHAD,Equity,Common Stock,,2016-05-27
1163PA,ALLZMK F PERP ICPS:BURSA MALAYSIA,BBG000002CD5,,ALLZMK F PERP ICPS:BURSA MALAYSIA,ALLIANZ MALAYSIA BERHAD,Pfd,PUBLIC,,2016-05-27
1171,MBS:MK,BBG000BF4MG3,BBG000BF4LM8,MBS:MK,MALAYSIA BUILDING SOCIETY BHD,Equity,Common Stock,,2016-06-21
1198,MAA:MK,BBG000BF4N35,BBG000BF4MV6,MAA:MK,MAA GROUP BERHAD,Equity,Common Stock,,2014-07-02
1201,SMTC:MK,BBG000BF4NV4,BBG000BF4NH0,SMTC:MK,SUMATEC RESOURCES BERHAD,Equity,Common Stock,,2013-08-14
1287,PGKH:MK,BBG000BF4WX2,BBG000BF4WK6,PGKH:MK,PAN MALAYSIA HOLDINGS BHD,Equity,Common Stock,,
1295,PBK:MK,BBG000BB2BD1,BBG000BB29S0,PBK:MK,PUBLIC BANK BHD,Equity,Common Stock,,2017-02-16
1368,UEME:MK,BBG000BF5CV7,BBG000BF5CL8,UEME:MK,UEM EDGENTA BERHAD,Equity,Common Stock,,2017-09-06
1481,ASB:MK,BBG000BL8XX3,BBG000BL8XB7,ASB:MK,ADVANCE SYNERGY BHD,Equity,Common Stock,,2016-07-26
1503,GUOL:MK,BBG000BLVRX0,BBG000BLVR51,GUOL:MK,GUOCOLAND (MALAYSIA) BHD,Equity,Common Stock,,2016-11-22
1538,SYML:MK,BBG000BF5ZG3,BBG000BF5Z73,SYML:MK,SYMPHONY LIFE BERHAD,Equity,Common Stock,,2017-09-05
1562,BST:MK,BBG000BDHSW3,BBG000BDHSF2,BST:MK,BERJAYA SPORTS TOTO BHD,Equity,Common Stock,,2017-04-11
1589,IWCB:MK,BBG000BF6621,BBG000BF65G8,IWCB:MK,ISKANDAR WATERFRONT CITY BERHAD,Equity,Common Stock,,
1597,IGB:MK,BBG000BDBSX8,BBG000BDBSK2,IGB:MK,IGB CORPORATION BHD,Equity,Common Stock,,2016-09-07
1619,DRB:MK,BBG000BHCGY3,BBG000BHCGC7,DRB:MK,DRB-HICOM BHD,Equity,Common Stock,,2015-09-11
1643,LMK:MK,BBG000BF5H46,BBG000BF5GR3,LMK:MK,LANDMARKS BHD,Equity,Common Stock,,2010-06-28
1651,MRC:MK,BBG000BF6DX2,BBG000BF6D35,MRC:MK,MALAYSIAN RESOURCES CORPORATION BHD,Equity,Common Stock,,2016-01-21
1694,MEN:MK,BBG000BF6YK0,BBG000BF6Y84,MEN:MK,MENANG CORPORATION (MALAYSIA) BHD,Equity,Common Stock,,2011-02-16
1724,PAR:MK,BBG000BF70V1,BBG000BF70F9,PAR:MK,PARAMOUNT CORPORATION BHD,Equity,Common Stock,,2017-09-07
1783,SPR:MK,BBG000BF8497,BBG000BF83X2,SPR:MK,SELANGOR PROPERTIES BHD,Equity,Common Stock,,2017-03-07
1818,BURSA:MK,BBG000BFSK17,BBG000BFSJM7,BURSA:MK,BURSA MALAYSIA BHD,Equity,Common Stock,,2017-08-08
1899,BAK:MK,BBG000BD6GF0,BBG000BD6G51,BAK:MK,BATU KAWAN BHD,Equity,Common Stock,,2017-02-20
1902,PPB:MK,BBG000BT9575,BBG000BT94C2,PPB:MK,PINEHILL PACIFIC BHD,Equity,Common Stock,,2010-12-15
1929,CTP:MK,BBG000BD6T08,BBG000BD6SJ0,CTP:MK,CHIN TECK PLANTATIONS BHD,Equity,Common Stock,,2017-08-09
1961,IOI:MK,BBG000BDC923,BBG000BDC843,IOI:MK,IOI CORPORATION BHD,Equity,Common Stock,,2017-08-24
1996,KHP:MK,BBG000BDDLV3,BBG000BDDLH9,KHP:MK,KRETAM HOLDINGS BHD,Equity,Common Stock,,2016-12-28
2038,NSOP:MK,BBG000BDNTH1,BBG000BDNSY4,NSOP:MK,NEGRI SEMBILAN OIL PALMS BHD,Equity,Common Stock,,2017-06-09
2054,TDM:MK,BBG000BDRR72,BBG000BDRQ56,TDM:MK,TDM BHD,Equity,Common Stock,,2017-06-29
2062,HALG:MK,BBG000BDTW15,BBG000BDTVB6,HALG:MK,HARBOUR-LINK GROUP BHD,Equity,Common Stock,,2016-03-29
2089,UPL:MK,BBG000BDW6P2,BBG000BDW690,UPL:MK,UNITED PLANTATIONS BHD,Equity,Common Stock,,2017-04-26
2097,FBO:MK,BBG000BDX065,BBG000BDWYX2,FBO:MK,EASTLAND EQUITY BHD,Equity,Common Stock,,2009-03-02
2127,CG:MK,BBG000BDXQ22,BBG000BDXPG9,CG:MK,COMFORT GLOVES BERHAD,Equity,Common Stock,,2014-10-29
2135,GOP:MK,BBG000BDXRT1,BBG000BDXR02,GOP:MK,GOPENG BHD,Equity,Common Stock,,2017-06-28
2143,ECML:MK,BBG000BQ7VL0,BBG000BQ7V21,ECML:MK,ECM LIBRA FINANCIAL GROUP BERHAD,Equity,Common Stock,,2015-11-20
2186,KUD:MK,BBG000BDXYW2,BBG000BDXYD3,KUD:MK,KUCHAI DEVELOPMENT BHD,Equity,Common Stock,,2016-12-01
2194,MMC:MK,BBG000BDXZC1,BBG000BDXZ40,MMC:MK,MMC CORP BHD,Equity,Common Stock,,2017-06-16
2208,PEG:MK,BBG000BDY1L5,BBG000BDY180,PEG:MK,PETALING TIN BHD,Equity,Common Stock,,
2216,IJMP:MK,BBG000BDY126,BBG000BDY0R1,IJMP:MK,IJM PLANTATIONS BHD,Equity,Common Stock,,2017-06-28
2224,SDR:MK,BBG000BDY3T3,BBG000BDY279,SDR:MK,SELANGOR DREDGING BHD,Equity,Common Stock,,2016-08-30
2259,TALA:MK,BBG000BDY4T1,BBG000BDY4D8,TALA:MK,TALAM TRANSFORM BERHAD,Equity,Common Stock,,2009-02-12
2259PA,TALAMK 5 01/02/09 ICPS:BURSA MALAYSIA,BBG0001JL333,,TALAMK 5 01/02/09 ICPS:BURSA MALAYSIA,TALAM CORPORATION BHD,Pfd,PUBLIC,,
2259PB,TALAMK 0 06/23/14:BURSA MALAYSIA,BBG000005JK9,,TALAMK 0 06/23/14:BURSA MALAYSIA,TALAM TRANSFORM BERHAD,Pfd,PUBLIC,,
2283,ZELN:MK,BBG000BDY6L4,BBG000BDY661,ZELN:MK,ZELAN BHD,Equity,Common Stock,,2013-12-26
2291,GENP:MK,BBG000BFHQF1,BBG000BFHQ25,GENP:MK,GENTING PLANTATIONS BERHAD,Equity,Common Stock,,2017-09-11
2305,THPS:MK,BBG000BFHSC0,BBG000BFHRW0,THPS:MK,TAHPS GROUP BERHAD,Equity,Common Stock,,2015-08-04
2429,TANC:MK,BBG000BQJFR6,BBG000BQJF69,TANC:MK,TANCO HOLDINGS BHD,Equity,Common Stock,,2016-09-13
2445,KLK:MK,BBG000BD1WK4,BBG000BD1W42,KLK:MK,KUALA LUMPUR KEPONG BHD,Equity,Common Stock,,2016-07-14
2453,KLR:MK,BBG000BD1QC6,BBG000BD1Q09,KLR:MK,KLUANG RUBBER COMPANY (MALAYSIA) BHD,Equity,Common Stock,,2014-12-18
2488,AFG:MK,BBG000BD3SV9,BBG000BD3SK1,AFG:MK,ALLIANCE FINANCIAL GROUP BERHAD,Equity,Common Stock,,2016-12-14
2542,RRE:MK,BBG000BD5J47,BBG000BD5HY8,RRE:MK,RIVERVIEW RUBBER ESTATES BHD,Equity,Common Stock,,2014-06-18
2569,SBR:MK,BBG000BD5T27,BBG000BD5SV7,SBR:MK,SUNGEI BAGAN RUBBER CO (MALAYSIA) BHD,Equity,Common Stock,,2016-12-01
2577,YTLL:MK,BBG000BZC167,BBG000BZC0L2,YTLL:MK,YTL LAND & DEVELOPMENT BHD,Equity,Common Stock,,
2577PA,TACMK 0 04/24/11:BURSA MALAYSIA,BBG000008143,,TACMK 0 04/24/11:BURSA MALAYSIA,YTL LAND & DEVELOPMENT,Pfd,PUBLIC,,
2577PB,TACMK 0 03/12/08:BURSA MALAYSIA,BBG0001JJRL3,,TACMK 0 03/12/08:BURSA MALAYSIA,YTL LAND & DEVELOPMENT,Pfd,PUBLIC,,
2593,UMR:MK,BBG000BD60Y4,BBG000BD60M7,UMR:MK,UNITED MALACCA BHD,Equity,Common Stock,,2017-07-24
2607,IKEN:MK,BBG000BD1HL6,BBG000BD1H81,IKEN:MK,INCH KENNETH KAJANG RUBBER,Equity,Common Stock,,2017-05-29
2658,AJI:MK,BBG000BCLB39,BBG000BCL943,AJI:MK,AJINOMOTO (MALAYSIA) BHD,Equity,Common Stock,,2017-08-30
2674,ALC:MK,BBG000BD3CJ8,BBG000BD3C80,ALC:MK,ALUMINIUM COMPANY OF MALAYSIA BHD,Equity,Common Stock,,2012-07-30
2682,AMAL:MK,BBG000BD3Q61,BBG000BD3PJ9,AMAL:MK,AMALGAMATED INDUSTRIAL STEEL BHD,Equity,Common Stock,,2010-06-11
2739,HUAAN:MK,BBG000BD5KJ8,BBG000BD5JV7,HUAAN:MK,SINO HUA-AN INTERNATIONAL BERHAD,Equity,Common Stock,,2011-05-19
2747PA,AOK 1.5 11/03/07:BURSA MALAYSIA,BBG000FZ42Y9,,AOK 1.5 11/03/07:BURSA MALAYSIA,JAVA INCORPORATED BHD,Pfd,PUBLIC,,
2755,FCW:MK,BBG000BF3606,BBG000BF35G1,FCW:MK,FCW HOLDINGS BHD,Equity,Common Stock,,2016-10-06
2771,BOUS:MK,BBG000BD98M7,BBG000BD97V9,BOUS:MK,BOUSTEAD HOLDINGS BHD,Equity,Common Stock,,2017-09-14
2828,CIH:MK,BBG000BDDHV2,BBG000BDDHC3,CIH:MK,C I HOLDINGS BHD,Equity,Common Stock,,2012-03-16
2836,CAB:MK,BBG000BDN6Y2,BBG000BDN6H1,CAB:MK,CARLSBERG BREWERY MALAYSIA BHD,Equity,Common Stock,,2016-05-03
2852,CMS:MK,BBG000BDXNP4,BBG000BDXNC8,CMS:MK,CAHYA MATA SARAWAK BHD,Equity,Common Stock,,2017-05-09
2879,CCM:MK,BBG000BDXW83,BBG000BDXVT2,CCM:MK,CHEMICAL COMPANY OF MALAYSIA BHD,Equity,Common Stock,,2017-05-15
2887,LDHB:MK,BBG000BDXX27,BBG000BDXWR2,LDHB:MK,LION DIVERSIFIED HOLDINGS BHD.,Equity,Common Stock,,2015-06-19
2925,CNCB:MK,BBG000BF0HG8,BBG000BF0GH9,CNCB:MK,CYCLE & CARRIAGE BINTANG BHD,Equity,Common Stock,,2012-04-26
2968,GPH:MK,BBG000BF3WS9,BBG000BF3WG2,GPH:MK,GOLDEN PLUS HOLDING BHD,Equity,Common Stock,,
2976,WING:MK,BBG000BF0LH8,BBG000BF0KV4,WING:MK,WING TAI MALAYSIA BERHAD,Equity,Common Stock,,2016-11-29
2984,FACI:MK,BBG000BQXFR0,BBG000BQXF72,FACI:MK,FACB INDUSTRIES INCORPORATED BHD,Equity,Common Stock,,2015-12-14
3018,OLYM:MK,BBG000BHMK00,BBG000BHMJR4,OLYM:MK,OLYMPIA INDUSTRIES BHD,Equity,Common Stock,,2016-03-09
3026,DLM:MK,BBG000BTPQB6,BBG000BTPQ53,DLM:MK,DUTCH LADY MILK INDUSTRIES BHD,Equity,Common Stock,,2017-05-11
3034,HAP:MK,BBG000BLJHC9,BBG000BLJH39,HAP:MK,HAP SENG CONSOLIDATED BHD,Equity,Common Stock,,2017-06-13
3042,PETRONM:MK,BBG000BF2H58,BBG000BF2GN0,PETRONM:MK,PETRON MALAYSIA REFINING & MARKETING BHD,Equity,Common Stock,,2017-06-16
3069,MFCB:MK,BBG000BD3VT5,BBG000BD3VH8,MFCB:MK,MEGA FIRST CORPORATION BHD,Equity,Common Stock,,2016-09-28
3107,FMB:MK,BBG000BD9PY6,BBG000BD9PP6,FMB:MK,FIMA CORPORATION BHD,Equity,Common Stock,,2017-08-30
3115,KRBN:MK,BBG000BLS3G6,BBG000BLS2B3,KRBN:MK,KARAMBUNAI CORP BHD,Equity,Common Stock,,2013-09-24
3158,YNHB:MK,BBG000BV5752,BBG000BV56F3,YNHB:MK,YNH PROPERTY BHD,Equity,Common Stock,,2015-09-04
3174,LGH:MK,BBG000BD9Y22,BBG000BD9XN1,LGH:MK,LAND & GENERAL BHD,Equity,Common Stock,,2016-09-28
3182,GENT:MK,BBG000BF3RW5,BBG000BF3RJ0,GENT:MK,GENTING BHD,Equity,Common Stock,,2017-09-11
3204,GKEN:MK,BBG000BF3TB4,BBG000BF3SZ0,GKEN:MK,GEORGE KENT (MALAYSIA) BHD,Equity,Common Stock,,2017-08-08
3239,BJAB:MK,BBG000BQSPL0,BBG000BQSNM4,BJAB:MK,BERJAYA ASSETS BERHAD,Equity,Common Stock,,2016-01-06
3247,GUH:MK,BBG000BC46B0,BBG000BC45X8,GUH:MK,GUH HOLDINGS BHD,Equity,Common Stock,,2017-09-15
3255,HEIM:MK,BBG000BB22F9,BBG000BB21K5,HEIM:MK,HEINEKEN MALAYSIA BERHAD,Equity,Common Stock,,2017-09-13
3298,HEX:MK,BBG000BDZZW7,BBG000BDZZ20,HEX:MK,HEXZA CORPORATION BHD,Equity,Common Stock,,2015-11-24
3301,HLI:MK,BBG000BF3526,BBG000BF34V7,HLI:MK,HONG LEONG INDUSTRIES BHD,Equity,Common Stock,,2017-05-12
3336,IJM:MK,BBG000BF3ZS2,BBG000BF3YH7,IJM:MK,IJM CORPORATION BHD,Equity,Common Stock,,2017-06-28
3379,INS:MK,BBG000BF43Z4,BBG000BF43J2,INS:MK,INSAS BHD,Equity,Common Stock,,2015-01-23
3379PA,INSMK 4 02/25/20:BURSA MALAYSIA,BBG006XR9FF1,,INSMK 4 02/25/20:BURSA MALAYSIA,INSAS BHD,Pfd,PUBLIC,,2017-06-08
3395,BC:MK,BBG000BF45G0,BBG000BF44H2,BC:MK,BERJAYA CORPORATION BHD,Equity,Common Stock,,2013-12-04
3417,EAST:MK,BBG000CJWD28,BBG000CJWCG5,EAST:MK,EASTERN & ORIENTAL BHD,Equity,Common Stock,,2015-01-20
3441,JOH:MK,BBG000BF47P6,BBG000BF46W0,JOH:MK,JOHAN HOLDINGS BHD,Equity,Common Stock,,
3476,KS:MK,BBG000BF4L75,BBG000BF4KJ4,KS:MK,KECK SENG (MALAYSIA) BHD,Equity,Common Stock,,2017-06-28
3484,DR:MK,BBG000BLG7R8,BBG000BLG789,DR:MK,DAMANSARA REALTY BHD,Equity,Common Stock,,2009-07-29
3514,MARC:MK,BBG000BVN1W5,BBG000BVN119,MARC:MK,MARCO HOLDINGS BHD,Equity,Common Stock,,2017-06-14
3522,KJC:MK,BBG000BF4VZ2,BBG000BF4VD6,KJC:MK,KIAN JOO CAN FACTORY BHD,Equity,Common Stock,,2017-06-16
3557,ECOF:MK,BBG000BF4YG7,BBG000BF4Y22,ECOF:MK,ECOFIRST CONSOLIDATED BHD,Equity,Common Stock,,
3565,WCE:MK,BBG000BF4ZS1,BBG000BF4Z83,WCE:MK,WCE HOLDINGS BERHAD,Equity,Common Stock,,2014-08-01
3573,LHC:MK,BBG000BF6CT9,BBG000BF6CM6,LHC:MK,LIEN HOE CORPORATION BHD,Equity,Common Stock,,2016-10-20
3611,GBH:MK,BBG000BF3VQ3,BBG000BF3VD7,GBH:MK,GOH BAN HUAT BHD,Equity,Common Stock,,2015-06-10
3662,MFL:MK,BBG000BF57S2,BBG000BF5793,MFL:MK,MALAYAN FLOUR MILLS BHD,Equity,Common Stock,,2017-08-30
3689,FNH:MK,BBG000BNWR83,BBG000BNWQP6,FNH:MK,FRASER & NEAVE HOLDINGS BHD,Equity,Common Stock,,2017-05-19
3719,PMM:MK,BBG000BD3RG8,BBG000BD3QQ9,PMM:MK,PANASONIC MANUFACTURING MALAYSIA BHD,Equity,Common Stock,,2017-09-06
3743,SSR:MK,BBG000BF5C74,BBG000BF5BR4,SSR:MK,SUNSURIA BERHAD,Equity,Common Stock,,2015-06-23
3778,MIG:MK,BBG000BD3K28,BBG000BD3JQ5,MIG:MK,MELEWAR INDUSTRIAL GROUP BHD,Equity,Common Stock,,2010-12-03
3786PA,MASMK 30 10/30/12:BURSA MALAYSIA,BBG000003RN0,,MASMK 30 10/30/12:BURSA MALAYSIA,MALAYSIAN AIRLINE SYSTEM,Pfd,PUBLIC,,
3794,LMC:MK,BBG000BF56Z6,BBG000BF56R5,LMC:MK,LAFARGE MALAYSIA BERHAD,Equity,Common Stock,,2016-06-28
3816,MISC:MK,BBG000BF5LB9,BBG000BF5KT2,MISC:MK,MISC BHD,Equity,Common Stock,,2016-08-18
3859,MAG:MK,BBG000BD6R48,BBG000BD6QV0,MAG:MK,MAGNUM BERHAD,Equity,Common Stock,,2017-09-13
3867,MPI:MK,BBG000BD1S87,BBG000BD1RT6,MPI:MK,MALAYSIAN PACIFIC INDUSTRIES BHD,Equity,Common Stock,,2017-05-04
3883,MUD:MK,BBG000BD4SB0,BBG000BD4RT3,MUD:MK,MUDA HOLDINGS BHD,Equity,Common Stock,,2017-06-28
3891,MUI:MK,BBG000BF58Z2,BBG000BF5882,MUI:MK,MALAYAN UNITED INDUSTRIES BHD,Equity,Common Stock,,
3905,MIT:MK,BBG000BD5MM0,BBG000BD5M77,MIT:MK,MULPHA INTERNATIONAL BHD,Equity,Common Stock,,2017-06-28
3913,MUIP:MK,BBG000BNDLW0,BBG000BNDLB3,MUIP:MK,MUI PROPERTIES BHD,Equity,Common Stock,,2012-07-11
3921,MWE:MK,BBG000BD87J4,BBG000BD87B2,MWE:MK,MWE HOLDINGS BHD,Equity,Common Stock,,2017-06-09
3948,DTL:MK,BBG000BDC0T3,BBG000BDC031,DTL:MK,DUTALAND BERHAD,Equity,Common Stock,,2017-01-05
4006,ORH:MK,BBG000BDPMW7,BBG000BDPMP5,ORH:MK,ORIENTAL HOLDINGS BHD,Equity,Common Stock,,2017-06-28
4022,WIJ:MK,BBG000BPM202,BBG000BPM097,WIJ:MK,TADMAX RESOURCES BERHAD,Equity,Common Stock,,2016-06-07
4057,APH:MK,BBG000BNT2H2,BBG000BNT264,APH:MK,ASIAN PAC HOLDINGS BHD,Equity,Common Stock,,
4065,PEP:MK,BBG000BDYNQ2,BBG000BDYND6,PEP:MK,PPB GROUP BHD,Equity,Common Stock,,2017-09-07
4081,PMC:MK,BBG000BDYG05,BBG000BDYFB5,PMC:MK,PAN MALAYSIA CORPORATION BHD,Equity,Common Stock,,2016-05-12
4162,ROTH:MK,BBG000BDYS90,BBG000BDYRK9,ROTH:MK,BRITISH AMERICAN TOBACCO (MALAYSIA) BHD,Equity,Common Stock,,2017-05-12
4197,SIME:MK,BBG000F9J6T8,BBG000F9J663,SIME:MK,SIME DARBY BERHAD,Equity,Common Stock,,2007-09-26
4197,SIME:MK,BBG000F9J6T8,BBG000F9J663,SIME:MK,SIME DARBY BERHAD,Equity,Common Stock,,2017-04-19
4219,BL:MK,BBG000BDZGY7,BBG000BDZG59,BL:MK,BERJAYA LAND BHD,Equity,Common Stock,,2013-11-27
4235,LLB:MK,BBG000BHTXK3,BBG000BHTX50,LLB:MK,LION INDUSTRIES CORPORATION BHD.,Equity,Common Stock,,2013-12-27
4243,WTKH:MK,BBG000BQRBT4,BBG000BQRBJ5,WTKH:MK,WTK HOLDINGS BHD,Equity,Common Stock,,2017-06-08
4251,IBHD:MK,BBG000BSL3T4,BBG000BSL3D1,IBHD:MK,I-BHD,Equity,Common Stock,,2016-07-29
4286,SEAL:MK,BBG000BDYWT9,BBG000BDYW19,SEAL:MK,SEAL INCORPORATED BHD,Equity,Common Stock,,2010-12-14
4316,SHL:MK,BBG000BDZ7C1,BBG000BDZ722,SHL:MK,SIN HENG CHAN (MALAYA) BHD,Equity,Common Stock,,
4324,HYR:MK,BBG000BDZ465,BBG000BDZ3Q5,HYR:MK,HENGYUAN REFINING COMPANY BERHAD,Equity,Common Stock,,2012-10-03
4359,TURI:MK,BBG000BDZ964,BBG000BDZ8V8,TURI:MK,TURIYA BERHAD,Equity,Common Stock,,
4359PA,SITMK 0 05/22/08:BURSA MALAYSIA,BBG0001JJYJ1,,SITMK 0 05/22/08:BURSA MALAYSIA,SITT TATT BERHAD,Pfd,PUBLIC,,
4375,SMI:MK,BBG000BDZDL8,BBG000BDZD56,SMI:MK,SOUTH MALAYSIA INDUSTRIES BHD,Equity,Common Stock,,
4383,JT:MK,BBG000BDX1Z1,BBG000BDX1K7,JT:MK,JAYA TIASA HOLDINGS BHD,Equity,Common Stock,,2016-11-28
4405,TCM:MK,BBG000BDZWP2,BBG000BDZVJ1,TCM:MK,TAN CHONG MOTOR HOLDINGS BHD,Equity,Common Stock,,2017-09-11
4448,TC:MK,BBG000BF01K8,BBG000BF0119,TC:MK,TASEK CORPORATION BHD,Equity,Common Stock,,2017-08-17
4448P,TCMK 6 PERP:BURSA MALAYSIA,BBG000007YW1,,TCMK 6 PERP:BURSA MALAYSIA,TASEK CORPORATION BHD,Pfd,PUBLIC,,2017-08-17
4456,DNEX:MK,BBG000BF02R9,BBG000BF02F2,DNEX:MK,DAGANG NEXCHANGE BERHAD,Equity,Common Stock,,2017-09-07
4464,NIC:MK,BBG000BN51R9,BBG000BN50S0,NIC:MK,NAIM INDAH CORPORATION BERHAD,Equity,Common Stock,,2013-12-24
4502,MPR:MK,BBG000BDZ8G5,BBG000BDZ866,MPR:MK,MEDIA PRIMA BHD,Equity,Common Stock,,2015-09-09
4588,UMWH:MK,BBG000BF3XT6,BBG000BF3XD3,UMWH:MK,UMW HOLDINGS BHD,Equity,Common Stock,,2017-07-03
4596,SRB:MK,BBG000BCLSH7,BBG000BCLS41,SRB:MK,SAPURA RESOURCES BHD,Equity,Common Stock,,2016-09-15
4634,POSM:MK,BBG000BZZ2B4,BBG000BZZ199,POSM:MK,POS MALAYSIA BERHAD,Equity,Common Stock,,2017-09-06
4677,YTL:MK,BBG000BD9ZJ1,BBG000BD9Z38,YTL:MK,YTL CORPORATION BHD,Equity,Common Stock,,2016-10-27
4707,NESZ:MK,BBG000BDNM40,BBG000BDNLM2,NESZ:MK,NESTLE (MALAYSIA) BHD,Equity,Common Stock,,2017-09-06
4715,GENM:MK,BBG000BDYR29,BBG000BDYQJ3,GENM:MK,GENTING MALAYSIA BERHAD,Equity,Common Stock,,2017-09-11
4723,JAK:MK,BBG000PZ0B63,BBG000PZ0B36,JAK:MK,JAKS RESOURCES BHD,Equity,Common Stock,,
4731,SCI:MK,BBG000BD2BH3,BBG000BD2B38,SCI:MK,SCIENTEX BERHAD,Equity,Common Stock,,2017-07-05
4758,ANC:MK,BBG000BD3X84,BBG000BD3WK2,ANC:MK,ANCOM BHD,Equity,Common Stock,,2010-02-05
4847,KTN:MK,BBG000BZ2M44,BBG000BZ2LG3,KTN:MK,KONSORTIUM TRANSNASIONAL BHD,Equity,Common Stock,,
4863,T:MK,BBG000BFRZD2,BBG000BFRZ42,T:MK,TELEKOM MALAYSIA BHD,Equity,Common Stock,,2017-09-13
4898,TAE:MK,BBG000BG38M6,BBG000BG3739,TAE:MK,TA ENTERPRISE BHD,Equity,Common Stock,,2017-06-28
4936,MPAC:MK,BBG000BG36R5,BBG000BG36G7,MPAC:MK,MALPAC HOLDINGS BHD,Equity,Common Stock,,
4944,NYL:MK,BBG000BG34Y2,BBG000BG34K7,NYL:MK,NYLEX (MALAYSIA) BHD,Equity,Common Stock,,2015-12-03
4952,AHP:MK,BBG000BG39T7,BBG000BG39F2,AHP:MK,AMANAH HARTA TANAH PNB.,Equity,REIT,,2016-12-08
4995,VCB:MK,BBG000BG2MW5,BBG000BG2MD6,VCB:MK,VERSATILE CREATIVE BERHAD,Equity,Common Stock,,2014-08-29
5000,HUME:MK,BBG000BQKNF0,BBG000BQKMZ0,HUME:MK,HUME INDUSTRIES BERHAD,Equity,Common Stock,,2017-05-15
5001,MIEC:MK,BBG000BBWTL0,BBG000BBWSX9,MIEC:MK,MIECO CHIPBOARD BHD,Equity,Common Stock,,2017-07-03
5005,UNI:MK,BBG000C30S98,BBG000C30RV5,UNI:MK,UNISEM (MALAYSIA) BHD,Equity,Common Stock,,2017-08-21
5006,MEB:MK,BBG000CBC935,BBG000CBC8S0,MEB:MK,MERGE ENERGY BHD,Equity,Common Stock,,
5007,CWH:MK,BBG000BBY3S8,BBG000BBY3J8,CWH:MK,CHIN WELL HOLDINGS BHD,Equity,Common Stock,,2017-04-26
5008,HHM:MK,BBG000C1ZXP5,BBG000C1ZWS4,HHM:MK,HARRISONS HOLDINGS (MALAYSIA) BHD,Equity,Common Stock,,2017-06-28
5009,WHIT:MK,BBG000DBXRK2,BBG000DBXR22,WHIT:MK,WHITE HORSE BHD,Equity,Common Stock,,2017-06-21
5010,THR:MK,BBG000C2NW96,BBG000C2NVT6,THR:MK,TONG HERR RESOURCES BHD,Equity,Common Stock,,2017-06-01
5011,MESI:MK,BBG000BN5MS2,BBG000BN5M48,MESI:MK,MESINIAGA BHD,Equity,Common Stock,,2012-06-19
5012,TAH:MK,BBG000DG7YM3,BBG000DG7Y16,TAH:MK,TA ANN HOLDINGS BHD,Equity,Common Stock,,2017-09-06
5014,MAHB:MK,BBG000C3HWL7,BBG000C3HW73,MAHB:MK,MALAYSIA AIRPORT HOLDINGS BHD,Equity,Common Stock,,2017-06-07
5015,APM:MK,BBG000C3W7B6,BBG000C3W726,APM:MK,APM AUTOMOTIVE HOLDINGS BHD,Equity,Common Stock,,2017-09-06
5016,WTCH:MK,BBG000C3W977,BBG000C3W8D2,WTCH:MK,WARISAN TC HOLDINGS BHD,Equity,Common Stock,,2017-09-06
5020,GLMC:MK,BBG000BNCRK1,BBG000BNCRB1,GLMC:MK,GLOMAC BHD,Equity,Common Stock,,2016-11-28
5021,AYS:MK,BBG000BZ6W39,BBG000BZ6VQ6,AYS:MK,AYS VENTURES BHD,Equity,Common Stock,,2011-01-13
5021,AYS:MK,BBG000BZ6W39,BBG000BZ6VQ6,AYS:MK,AYS VENTURES BERHAD,Equity,Common Stock,,2017-08-02
5022,PAOS:MK,BBG000BZKZ72,BBG000BZKYG5,PAOS:MK,PAOS HOLDINGS BHD,Equity,Common Stock,,2017-05-15
5024,HSI:MK,BBG000C7P3N1,BBG000C7P2Z0,HSI:MK,HUP SENG INDUSTRIES,Equity,Common Stock,,2017-09-20
5025,NWP:MK,BBG000C8Q642,BBG000C8Q5Q0,NWP:MK,NWP HOLDINGS BHD,Equity,Common Stock,,
5026,MHC:MK,BBG000CBJQV9,BBG000CBJQD9,MHC:MK,MHC PLANTATIONS BHD,Equity,Common Stock,,2017-05-31
5027,KIML:MK,BBG000CJZ7C7,BBG000CJZ6L9,KIML:MK,KIM LOONG RESOURCES BHD,Equity,Common Stock,,2017-08-09
5028,HEIT:MK,BBG000BC3ZQ1,BBG000BC3Z63,HEIT:MK,HEITECH PADU BHD,Equity,Common Stock,,2017-08-17
5029,FEH:MK,BBG000BG2QK9,BBG000BG2PY6,FEH:MK,FAR EAST HOLDINGS BHD,Equity,Common Stock,,2017-05-29
5031,TDC:MK,BBG000CXR4D1,BBG000CXR478,TDC:MK,TIME DOTCOM BHD,Equity,Common Stock,,2017-03-13
5032,BPH:MK,BBG000GGZ4M5,BBG000GGZ418,BPH:MK,BINTULU PORT HLDGS BHD,Equity,Common Stock,,2017-09-18
5035,KNUS:MK,BBG000H8SHX9,BBG000H8SHD1,KNUS:MK,KNUSFORD BHD,Equity,Common Stock,,2016-08-26
5036,EDS:MK,BBG000GFKR15,BBG000GFKQQ0,EDS:MK,EDARAN BERHAD,Equity,Common Stock,,2010-11-26
5037,CGHB:MK,BBG000BG2R81,BBG000BG2QZ3,CGHB:MK,COMPUGATES HOLDINGS BHD,Equity,Common Stock,,2016-10-11
5038,KSL:MK,BBG000LNB0J2,BBG000LN9ZK6,KSL:MK,KSL HLDGS BERHAD,Equity,Common Stock,,2015-10-26
5040,MEDA:MK,BBG000BNZN34,BBG000BNZMD5,MEDA:MK,MEDA INC. BHD,Equity,Common Stock,,2014-08-21
5041,PBAH:MK,BBG000HLRRB3,BBG000HLRR23,PBAH:MK,PBA HOLDINGS,Equity,Common Stock,,2017-07-04
5042,TSRC:MK,BBG000CLY396,BBG000CLY2J7,TSRC:MK,TSR CAPITAL,Equity,Common Stock,,2015-11-26
5047,NPC:MK,BBG000MFP0Y6,BBG000MFP094,NPC:MK,NPC RESOURCES BHD,Equity,Common Stock,,2017-08-01
5048,YLAI:MK,BBG000MDCRS3,BBG000MDCRD9,YLAI:MK,YI-LAI BERHAD,Equity,Common Stock,,2015-04-08
5049,CVB:MK,BBG000GBS943,BBG000GBS8S9,CVB:MK,COUNTRY VIEW BERHAD,Equity,Common Stock,,2017-05-29
5053,OSK:MK,BBG000BG2WF2,BBG000BG2V64,OSK:MK,OSK HOLDINGS BHD,Equity,Common Stock,,2016-10-12
5054,TRC:MK,BBG000NKKTP6,BBG000NKKT12,TRC:MK,TRC SYNERGY BERHAD,Equity,Common Stock,,2017-05-29
5056,ENGT:MK,BBG000NHTTZ3,BBG000NHTSP6,ENGT:MK,ENGTEX GROUP BERHAD,Equity,Common Stock,,2017-06-20
5060,KSB:MK,BBG000P9Y8S7,BBG000P9Y8G0,KSB:MK,KINSTEEL BERHAD,Equity,Common Stock,,2011-07-20
5062,HYB:MK,BBG000P9Y567,BBG000P9Y4L3,HYB:MK,HUA YANG BERHAD,Equity,Common Stock,,2016-04-01
5065,OPB:MK,BBG000LJJD78,BBG000LJJCW2,OPB:MK,ORNAPAPER BERHAD,Equity,Common Stock,,2016-09-21
5066,NTPM:MK,BBG000C4MZN0,BBG000C4MZ50,NTPM:MK,NTPM HOLDINGS BHD,Equity,Common Stock,,2016-12-16
5068,LSTI:MK,BBG000C2SQ03,BBG000C2SPM1,LSTI:MK,LUSTER INDUSTRIES,Equity,Common Stock,,2007-01-03
5069,BLDP:MK,BBG000P0KWL5,BBG000P0KW26,BLDP:MK,BLD PLANTATION BHD,Equity,Common Stock,,2012-07-02
5070,PRTA:MK,BBG000PT5PZ9,BBG000PT5PP0,PRTA:MK,PROTASCO BERHAD,Equity,Common Stock,,2017-06-19
5071,COCO:MK,BBG000PSJ839,BBG000PSJ7Y7,COCO:MK,COASTAL CONTRACTS BHD,Equity,Common Stock,,2013-03-11
5072,HTVB:MK,BBG000PXFSX5,BBG000PXFSS1,HTVB:MK,HIAP TECK VENTURE BERHAD,Equity,Common Stock,,2011-12-28
5073,NHB:MK,BBG000PXW5G5,BBG000PXW4N0,NHB:MK,NAIM HOLDINGS BERHAD,Equity,Common Stock,,2013-12-11
5075,PLEN:MK,BBG000BX6070,BBG000BX5ZT0,PLEN:MK,PLENITUDE BERHAD,Equity,Common Stock,,2011-10-31
5077,MBC:MK,BBG000C0BHM1,BBG000C0BFZ1,MBC:MK,MALAYSIAN BULK CARRIERS BHD,Equity,Common Stock,,2012-06-01
5078,SIB:MK,BBG000C86P06,BBG000C86NJ1,SIB:MK,SILK HOLDINGS BERHAD,Equity,Common Stock,,2017-07-24
5079,KBES:MK,BBG000D5XF85,BBG000D5XDS8,KBES:MK,KBES BHD,Equity,Common Stock,,
5080,PKH:MK,BBG000K48RC7,BBG000K48PZ6,PKH:MK,POH KONG HLDGS,Equity,Common Stock,,2015-02-12
5081,EIG:MK,BBG000BCRJQ1,BBG000BCRJC6,EIG:MK,ESTHETICS INTERNATIONAL GROUP BHD,Equity,Common Stock,,2016-09-20
5082,CYM:MK,BBG000GV3HH4,BBG000GV3GB2,CYM:MK,CYMAO HOLDINGS BHD,Equity,Common Stock,,2007-04-27
5084,IBRA:MK,BBG000PTBK29,BBG000PTBJQ6,IBRA:MK,IBRACO BHD,Equity,Common Stock,,2015-12-02
5085,MDJ:MK,BBG000NQNK33,BBG000NQNJ90,MDJ:MK,MUDAJAYA GROUP BEHARD,Equity,Common Stock,,2014-04-23
5087,MSB:MK,BBG000CQLN86,BBG000CQLN31,MSB:MK,MYCRON STEEL BHD,Equity,Common Stock,,2010-12-02
5088,APX:MK,BBG000BG2Y04,BBG000BG2XN1,APX:MK,APEX EQUITY HOLDINGS BHD,Equity,Common Stock,,2017-05-29
5090,MCIL:MK,BBG000KXHWV1,BBG000KXHVY0,MCIL:MK,MEDIA CHINESE INTERNATIONAL LTD.,Equity,Common Stock,,2017-06-16
5092,LCTH:MK,BBG000L63YP7,BBG000L63Y13,LCTH:MK,LCTH CORPORATION BHD,Equity,Common Stock,,2015-11-26
5094,CSCS:MK,BBG000G8CPY8,BBG000G8CPN0,CSCS:MK,CSC STEEL HOLDINGS BERHAD,Equity,Common Stock,,2017-06-28
5095,HAVE:MK,BBG000QPHBN7,BBG000QPHB75,HAVE:MK,HEVEABOARD BERHAD,Equity,Common Stock,,2017-09-20
5098,MSW:MK,BBG000QS4FP4,BBG000QS4FJ1,MSW:MK,MALAYSIA STEEL WORKS (KL) BHD,Equity,Common Stock,,2014-04-15
5099,AIRA:MK,BBG000K6QRT4,BBG000K6QQV3,AIRA:MK,AIRASIA BHD,Equity,Common Stock,,2017-09-13
5100,BPP:MK,BBG000QSRDG4,BBG000QSRCY6,BPP:MK,BP PLASTICS HOLDING BHD,Equity,Common Stock,,2017-06-15
5101,EVF:MK,BBG000JBWHQ3,BBG000JBWGX7,EVF:MK,EVERGREEN FIBREBOARD BHD,Equity,Common Stock,,2016-03-18
5102,GUAN:MK,BBG000BW4T80,BBG000BW4SL7,GUAN:MK,GUAN CHONG BHD,Equity,Common Stock,,2017-09-15
5104,CNI:MK,BBG000H6FZT2,BBG000H6DXW5,CNI:MK,CNI HOLDINGS BHD,Equity,Common Stock,,2016-03-14
5105,CAN:MK,BBG000H9R7D2,BBG000H9R6R9,CAN:MK,CAN-ONE BHD,Equity,Common Stock,,2017-07-07
5106,AXRB:MK,BBG000H96MN1,BBG000H96MB4,AXRB:MK,AXIS REAL ESTATE INVESTMENT,Equity,REIT,,2017-08-04
5107,IQGH:MK,BBG000FKBVT6,BBG000FKBVD3,IQGH:MK,IQ GROUP HOLDINGS BHD,Equity,Common Stock,,2017-06-28
5108,ICAP:MK,BBG000JBQZ26,BBG000JBQYS1,ICAP:MK,ICAPITAL.BIZ BERHAD,Equity,Closed-End Fund,KLS,
5109,YTLREIT:MK,BBG000C1KT07,BBG000C1KST8,YTLREIT:MK,YTL HOSPITALITY REAL ESTATE INVESTMENT TRUST,Equity,REIT,,2017-08-09
5110,UOAR:MK,BBG000J829M5,BBG000J82918,UOAR:MK,UOA REAL ESTATE INVESTMENT TRUST,Equity,REIT,,2017-08-02
5111,TRET:MK,BBG000BTX685,BBG000BTX5V1,TRET:MK,TOWER REAL ESTATE INVESTMENT TRUST,Equity,REIT,,2017-08-18
5112,THP:MK,BBG000JBY6G6,BBG000JBY5V1,THP:MK,TH PLANTATIONS BHD,Equity,Common Stock,,2017-05-09
5113,RSAW:MK,BBG000KHB7N6,BBG000KHB6D9,RSAW:MK,RIMBUNAN SAWIT BHD,Equity,Common Stock,,2013-07-29
5115,AMRB:MK,BBG000PQXFH6,BBG000PQXF59,AMRB:MK,ALAM MARITIM RESOURCES BHD,Equity,Common Stock,,2013-09-02
5116,AQAR:MK,BBG000BWQ365,BBG000BWQ2W8,AQAR:MK,AL-AQAR HEALTHCARE REAL ESTATE INVESTMENT TRUST,Equity,REIT,,2017-09-13
5120,ARET:MK,BBG000BF0V86,BBG000BF0TZ1,ARET:MK,AMFIRST REAL ESTATE INVESTMENT TRUST,Equity,REIT,,2017-05-03
5121,HEKT:MK,BBG000QCLVS2,BBG000QCLVM8,HEKT:MK,HEKTAR REAL ESTATE INVESTMENT TRUST,Equity,REIT,,2017-08-23
5121TR,HEKTR1:MK,BBG00H5KVNF1,BBG00H5KVND3,HEKTR1:MK,HEKTAR REAL ESTATE INVESTMENT TRUST,Equity,Right,KLS,
5123,MQREIT:MK,BBG000JPY3Q1,BBG000JPY2Y4,MQREIT:MK,MRCB-QUILL REIT,Equity,REIT,,2017-08-24
5125,PGHB:MK,BBG000QX7B06,BBG000QX79S1,PGHB:MK,PANTECH GROUP HOLDINGS BERHAD,Equity,Common Stock,,2017-08-02
5126,SOP:MK,BBG000BG30B5,BBG000BG3016,SOP:MK,SARAWAK OIL PALMS BHD,Equity,Common Stock,,2017-06-28
5127,AARET:MK,BBG000QK47Q8,BBG000QK47B4,AARET:MK,AMANAHRAYA REAL ESTATE INVESTMENT TRUST,Equity,REIT,,2017-09-13
5129,MEHB:MK,BBG000F2F3Q7,BBG000F2D1F5,MEHB:MK,MELATI EHSAN HOLDINGS BHD,Equity,Common Stock,,2017-03-08
5130,ATRM:MK,BBG000GC7RK6,BBG000GC7QM6,ATRM:MK,ATRIUM REAL ESTATE INVESTMENT TRUST,Equity,REIT,,2017-08-09
5131,ZHCB:MK,BBG000R3T9N7,BBG000R3T9G5,ZHCB:MK,ZHULIAN CORPORATION BERHAD,Equity,Common Stock,,2017-08-09
5132,DLUM:MK,BBG000RFGSL4,BBG000RFGRX3,DLUM:MK,DELEUM BERHAD,Equity,Common Stock,,2017-09-07
5133,PENB:MK,BBG000BJ4CZ6,BBG000BJ4BR7,PENB:MK,PETRA ENERGY BHD,Equity,Common Stock,,2016-12-09
5134,SA:MK,BBG000BG31F9,BBG000BG3123,SA:MK,SOUTHERN ACIDS (MALAYSIA) BHD,Equity,Common Stock,,2017-09-06
5135,SPLB:MK,BBG000BP1KG8,BBG000BP1K41,SPLB:MK,SARAWAK PLANTATION BERHAD,Equity,Common Stock,,2016-03-08
5136,CLSB:MK,BBG000PS5HY0,BBG000PS5HV3,CLSB:MK,COMPLETE LOGISTIC SERVICES BERHAD,Equity,Common Stock,,2014-09-11
5138,HAPL:MK,BBG000BFJQL2,BBG000BFJQC2,HAPL:MK,HAP SENG PLANTATIONS HOLDINGS BERHAD,Equity,Common Stock,,2017-09-07
5139,ACSM:MK,BBG000TXRJ95,BBG000TXRHV4,ACSM:MK,AEON CREDIT SERVICE (M) BERHAD,Equity,Common Stock,,2017-07-14
5140,TASCO:MK,BBG000KRN181,BBG000KRMZT4,TASCO:MK,TASCO BERHAD,Equity,Common Stock,,2017-06-14
5141,DEHB:MK,BBG000JTD3M0,BBG000JTD377,DEHB:MK,DAYANG ENTERPRISE HOLDINGS,Equity,Common Stock,,2015-03-16
5142,WSC:MK,BBG000BZY3J5,BBG000BZY332,WSC:MK,WAH SEONG CORPORATION BERHAD,Equity,Common Stock,,2016-09-15
5143,LUXC:MK,BBG000G7XHK0,BBG000G7XH75,LUXC:MK,LUXCHEM CORPORATION BHD,Equity,Common Stock,,2017-09-06
5145,SELI:MK,BBG000DXRJ29,BBG000DXRHW0,SELI:MK,SEALINK INTERNATIONAL BERHAD,Equity,Common Stock,,2014-09-03
5147,SAHB:MK,BBG000BN61Y0,BBG000BN61H9,SAHB:MK,SAMCHEM HOLDINGS BERHAD,Equity,Common Stock,,2017-09-20
5148,UEMS:MK,BBG000VHRDX3,BBG000VHRDC6,UEMS:MK,UEM SUNRISE BERHAD,Equity,Common Stock,,2016-05-27
5149,TOB:MK,BBG000NFR6J7,BBG000NFR670,TOB:MK,TAS OFFSHORE BERHAD,Equity,Common Stock,,2012-09-13
5151,HAL:MK,BBG000NT1G21,BBG000NT1F87,HAL:MK,HALEX HOLDINGS BERHAD,Equity,Common Stock,,2014-06-06
5152,MBL:MK,BBG000PMNDM5,BBG000PMND36,MBL:MK,MUAR BAN LEE GROUP BERHAD,Equity,Common Stock,,2017-03-10
5155,XISH:MK,BBG000MK1CJ2,BBG000MK1CB0,XISH:MK,XINGQUAN INTERNATIONAL SPORTS HOLDINGS LIMITED,Equity,Common Stock,,2016-03-04
5156,XIDE:MK,BBG000PR58H1,BBG000PR5854,XIDE:MK,XIDELANG HOLDINGS LTD,Equity,Common Stock,,2017-05-15
5157,SAUD:MK,BBG000PR5113,BBG000PR50F0,SAUD:MK,SAUDEE GROUP BERHAD,Equity,Common Stock,,2016-03-07
5158,TAGB:MK,BBG000PQDVH3,BBG000PQDTS6,TAGB:MK,TA GLOBAL BERHAD,Equity,Common Stock,,2017-06-28
5158PA,TAGBMK 0 10/03/14:BURSA MALAYSIA,BBG000001N06,,TAGBMK 0 10/03/14:BURSA MALAYSIA,TA GLOBAL BERHAD,Pfd,PUBLIC,,
5159,YOCB:MK,BBG000PXLFR3,BBG000PXLFD8,YOCB:MK,YOONG ONN CORPORATION BERHAD,Equity,Common Stock,,2016-12-20
5160,HMCB:MK,BBG000Q8SD95,BBG000Q8SD40,HMCB:MK,HOMERITZ CORPORATION BERHAD,Equity,Common Stock,,2017-08-28
5161,JCYH:MK,BBG000BDM2R0,BBG000BDM227,JCYH:MK,JCY INTERNATIONAL BERHAD,Equity,Common Stock,,2017-06-15
5162,ECS:MK,BBG000BGTZ66,BBG000BGTYH7,ECS:MK,ECS ICT BHD,Equity,Common Stock,,2017-05-30
5163,SERES:MK,BBG000RGDX89,BBG000RGDWF3,SERES:MK,SEREMBAN ENGINEERING BERHAD,Equity,Common Stock,,2012-05-18
5165,HHS:MK,BBG000QH3D47,BBG000QH3D01,HHS:MK,HOCK HENG STONE INDUSTRIES BHD,Equity,Common Stock,,2012-07-11
5166,AEG:MK,BBG000QSZ475,BBG000QSZ3P7,AEG:MK,ASIAMET EDUCATION GROUP BERHAD,Equity,Common Stock,,2015-07-10
5167,TMB:MK,BBG000QKWS09,BBG000QKWRQ3,TMB:MK,TURBO-MECH BERHAD,Equity,Common Stock,,2016-06-02
5168,HART:MK,BBG000VDWRL8,BBG000VDWRB9,HART:MK,HARTALEGA HOLDINGS BERHAD,Equity,Common Stock,,2017-09-13
5169,HO:MK,BBG000BG32X7,BBG000BG32P6,HO:MK,HO HUP CONSTRUCTION COMPANY BHD,Equity,Common Stock,,2013-11-28
5170,SRCB:MK,BBG000QW0RB8,BBG000QW0R28,SRCB:MK,SARAWAK CABLE BERHAD,Equity,Common Stock,,2017-07-05
5171,KICB:MK,BBG000R2L555,BBG000R2L4Z5,KICB:MK,KIMLUN CORPORATION BERHAD,Equity,Common Stock,,2016-07-15
5172,KSTR:MK,BBG000QXDZX0,BBG000QXDZN1,KSTR:MK,K-STAR SPORTS LIMITED,Equity,Common Stock,,2011-08-22
5173,SHIN:MK,BBG000QZF5B3,BBG000QZF505,SHIN:MK,SHIN YANG SHIPPING CORPORATION BERHAD,Equity,Common Stock,,2013-01-16
5175,IVORY:MK,BBG000BC8ZC1,BBG000BC8YS7,IVORY:MK,IVORY PROPERTIES GROUP BERHAD,Equity,Common Stock,,2012-03-28
5176,SREIT:MK,BBG000R2TKG2,BBG000R2TK27,SREIT:MK,SUNWAY REAL ESTATE INVESTMENT TRUST,Equity,REIT,,2017-08-24
5178,TGGB:MK,BBG000R4QLS6,BBG000R4QL60,TGGB:MK,TATT GIAP GROUP BERHAD,Equity,Common Stock,,
5179PA,BRIBMK 1 06/12/20 ICPS:BURSA MALAYSIA,BBG0014S6HN2,,BRIBMK 1 06/12/20 ICPS:BURSA MALAYSIA,BERJAYA RETAIL BHD,Pfd,PUBLIC,,
5180,CMMT:MK,BBG000R4QNF6,BBG000R4QN75,CMMT:MK,CAPITALAND MALAYSIA MALL TRUST,Equity,REIT,,2016-07-29
5181,SIGA:MK,BBG000BBXGY3,BBG000BBXGJ0,SIGA:MK,SIG GASES BERHAD,Equity,Common Stock,,2017-05-26
5182,MCT:MK,BBG0017RZ2P0,BBG000C3FLD2,MCT:MK,MCT BERHAD,Equity,Common Stock,,2015-09-08
5183,PCHEM:MK,BBG001829870,BBG001829861,PCHEM:MK,PETRONAS CHEMICALS GROUP BHD,Equity,Common Stock,,2017-08-23
5184,CYP:MK,BBG00170M4S6,BBG00170M4R7,CYP:MK,CYPARK RESOURCES BERHAD,Equity,Common Stock,,2017-05-19
5185,AHB:MK,BBG000BF0B17,BBG000BF0949,AHB:MK,AFFIN HOLDINGS BHD,Equity,Common Stock,,2016-12-14
5186,MMHE:MK,BBG00173FMF2,BBG000BLJSC5,MMHE:MK,MALAYSIA MARINE AND HEAVY ENGINEERING HOLDINGS BERHAD,Equity,Common Stock,,2014-05-22
5187,HBGLOB:MK,BBG0019RQB32,BBG0019RQB23,HBGLOB:MK,HB GLOBAL LIMITED,Equity,Common Stock,,2012-08-29
5188,COWH:MK,BBG0017V0894,BBG0017V0885,COWH:MK,CHINA OUHUA WINERY HOLDINGS LIMITED,Equity,Common Stock,,2011-07-27
5189,MAXWLL:MK,BBG001CKCP28,BBG001CKCP19,MAXWLL:MK,MAXWELL INTERNATIONAL HOLDINGS BHD.,Equity,Common Stock,,2015-03-20
5190,BHB:MK,BBG001B2R0R1,BBG001B2R0Q2,BHB:MK,BENALEC HOLDINGS BERHAD,Equity,Common Stock,,2017-01-18
5191,TILB:MK,BBG001BLFG51,BBG001BLFG42,TILB:MK,TAMBUN INDAH LAND BERHAD,Equity,Common Stock,,2017-07-24
5192,KSSC:MK,BBG001CJ9P25,BBG001CJ9P16,KSSC:MK,K.SENG SENG CORPORATION BERHAD,Equity,Common Stock,,2017-06-13
5194,APFT:MK,BBG001F4GWN9,BBG001F4GWM0,APFT:MK,APFT BERHAD,Equity,Common Stock,,2016-07-11
5195,CSHB:MK,BBG001CY3096,BBG001CY3087,CSHB:MK,CENSOF HOLDINGS BERHAD,Equity,Common Stock,,2013-08-19
5196,BFD:MK,BBG001FB1FX5,BBG001FB1FW6,BFD:MK,BERJAYA FOOD BERHAD,Equity,Common Stock,,2017-07-10
5197,FLB:MK,BBG001J1T0B0,BBG001J1T093,FLB:MK,FOCUS LUMBER BERHAD,Equity,Common Stock,,2015-12-03
5198,ABM:MK,BBG004SP4VV8,BBG004SP4VS2,ABM:MK,ABM FUJIYA BERHAD,Equity,Common Stock,,
5199,HIBI:MK,BBG001Q80108,BBG001Q800Z2,HIBI:MK,HIBISCUS PETROLEUM BERHAD,Equity,Common Stock,,
5200,UOAD:MK,BBG001P3C410,BBG001P3C401,UOAD:MK,UOA DEVELOPMENT BHD,Equity,Common Stock,,2017-06-14
5201,OTB:MK,BBG001PGRL35,BBG001PGRL26,OTB:MK,OLDTOWN BERHAD,Equity,Common Stock,,2017-03-28
5202,MSM:MK,BBG001QMQGT5,BBG001QMQGS6,MSM:MK,MSM MALAYSIA HOLDINGS BERHAD,Equity,Common Stock,,2016-12-02
5204,PRES:MK,BBG001V7MY80,BBG001V7MY71,PRES:MK,PRESTARIANG BERHAD,Equity,Common Stock,,2017-09-08
5205,EVSD:MK,BBG001R2MF87,BBG001CK3G19,EVSD:MK,EVERSENDAI CORPORATION BERHAD,Equity,Common Stock,,2016-06-13
5207,SBC:MK,BBG000BH7F44,BBG000BH7DX7,SBC:MK,SBC CORPORATION BERHAD,Equity,Common Stock,,2015-10-13
5208,EITA:MK,BBG002TZ5ZT2,BBG002TZ5ZS3,EITA:MK,EITA RESOURCES BERHAD,Equity,Common Stock,,2017-06-28
5209,GMB:MK,BBG002ZTCJK6,BBG000BM6GN1,GMB:MK,GAS MALAYSIA BERHAD,Equity,Common Stock,,2017-09-14
5210,BAB:MK,BBG001VYW146,BBG001VYW137,BAB:MK,BUMI ARMADA BHD,Equity,Common Stock,,2016-07-28
5211,SWB:MK,BBG00205TPV2,BBG001YQK5D4,SWB:MK,SUNWAY BHD,Equity,Common Stock,,2017-04-11
5212,PREIT:MK,BBG00282LY40,BBG00282LY31,PREIT:MK,PAVILION REAL ESTATE INVESTMENT TRUST,Equity,REIT,,2017-08-08
5213,SNT:MK,BBG002GMBJX9,BBG001BHKLR9,SNT:MK,SENTORIA GROUP BERHAD,Equity,Common Stock,,2016-05-16
5214,CSL:MK,BBG002GMDTN6,BBG002GMDTM7,CSL:MK,CHINA STATIONERY LIMITED.,Equity,Common Stock,,2013-08-15
5216,DSON:MK,BBG0038LDPJ8,BBG0038LDPH0,DSON:MK,DATASONIC GROUP BERHAD,Equity,Common Stock,,2017-06-07
5218,SAPE:MK,BBG002QQJQ10,BBG002QQJQ01,SAPE:MK,SAPURA ENERGY BERHAD,Equity,Common Stock,,2017-04-12
5219,PEST:MK,BBG002WFW6Y0,BBG001BHKL08,PEST:MK,PESTECH INTERNATIONAL BERHAD,Equity,Common Stock,,2016-12-28
5220,GBLF:MK,BBG002Z81K21,BBG001YCCL58,GBLF:MK,GLOBALTEC FORMATION BERHAD,Equity,Common Stock,,
5222,FGV:MK,BBG0032RT6H8,BBG0032RT6G9,FGV:MK,FELDA GLOBAL VENTURES HOLDINGS BERHAD,Equity,Common Stock,,2017-05-29
5223,MENT:MK,BBG000BGRJY3,BBG000BGRJP3,MENT:MK,MENTIGA CORPORATION BHD,Equity,Common Stock,,2017-05-26
5225,IHH:MK,BBG0033XXWK8,BBG0033XXWJ0,IHH:MK,IHH HEALTHCARE BHD,Equity,Common Stock,,2017-06-28
5226,AQRS:MK,BBG0035SG954,BBG0035SG945,AQRS:MK,GABUNGAN AQRS BERHAD,Equity,Common Stock,,2015-07-13
5227,IGBREIT:MK,BBG0038P24J8,BBG0038P24H0,IGBREIT:MK,IGB REAL ESTATE INVESTMENT TRUST,Equity,REIT,,2017-08-14
5228,ELK:MK,BBG003HD4FH0,BBG003HD4FG1,ELK:MK,ELK-DESA RESOURCES SDN BHD,Equity,Common Stock,,2017-08-04
5229,CAP:MK,BBG003RSLG76,BBG003RSLG67,CAP:MK,CHINA AUTOMOBILE PARTS HOLDINGS LTD,Equity,Common Stock,,2015-09-14
5230,TIH:MK,BBG0042CW239,BBG0042CW220,TIH:MK,TUNE PROTECT GROUP BERHAD,Equity,Common Stock,,2017-05-18
5231,PELI:MK,BBG000BNH007,BBG000BNGZR2,PELI:MK,PELIKAN INTERNATIONAL CORPORATION BHD,Equity,Common Stock,,2012-08-23
5232,LEFU:MK,BBG004KMZRL9,BBG004KMZRK0,LEFU:MK,LEON FUAT BERHAD,Equity,Common Stock,,2017-06-28
5235SS,KLCCSS:MK,BBG000Q59C94,BBG000Q59C30,KLCCSS:MK,KLCC PROPERTY HLDGS,Equity,Stapled Security,,2017-09-06
5236,MCH:MK,BBG004JRBXV2,BBG004JRBXT5,MCH:MK,MATRIX CONCEPTS HOLDINGS BERHAD,Equity,Common Stock,,2017-09-19
5237,MPHB:MK,BBG004KBF3Q3,BBG004KBF3P4,MPHB:MK,MPHB CAPITAL BERHAD,Equity,Common Stock,,
5238,AAX:MK,BBG003LYYZ28,BBG001V4XD18,AAX:MK,AIRASIA X BERHAD,Equity,Common Stock,,2015-05-13
5239,TTJ:MK,BBG005KPSPB2,BBG005KPSP86,TTJ:MK,TITIJAYA LAND BERHAD,Equity,Common Stock,,2017-08-28
5239PR,TTJR:MK,BBG00HJ3LCR6,BBG00HJ3LCQ7,TTJR:MK,TITIJAYA LAND BERHAD,Equity,Right,KLS,
5242,SOLID:MK,BBG003M7YRK4,BBG003M7YRJ6,SOLID:MK,SOLID AUTOMOTIVE BERHAD,Equity,Common Stock,,2017-02-08
5243,UMWOG:MK,BBG004MWC1S0,BBG004MWC1P3,UMWOG:MK,UMW OIL & GAS CORPORATION BERHAD,Equity,Common Stock,,2017-09-20
5245,CARING:MK,BBG0057DW2T1,BBG001S4MCB5,CARING:MK,CARING PHARMACY GROUP BERHAD,Equity,Common Stock,,2016-10-21
5246,WPRTS:MK,BBG00592VTY9,BBG004LN6GT4,WPRTS:MK,WESTPORTS HOLDINGS BERHAD,Equity,Common Stock,,2017-08-01
5247,KAREX:MK,BBG005D6NLN3,BBG001BHKQ70,KAREX:MK,KAREX BERHAD,Equity,Common Stock,,2016-12-01
5248,BAUTO:MK,BBG005FFKBS1,BBG005FFKBR2,BAUTO:MK,BERMAZ AUTO BERHAD,Equity,Common Stock,,2017-07-07
5249,IOIPG:MK,BBG005D42CJ6,BBG004SG6TM1,IOIPG:MK,IOI PROPERTIES GROUP BERHAD,Equity,Common Stock,,2017-08-28
5250,SEM:MK,BBG006GNR7F7,BBG006GNR4J0,SEM:MK,7-ELEVEN MALAYSIA HOLDINGS BERHAD,Equity,Common Stock,,2017-04-12
5252,SASB:MK,BBG006NJ1RG1,BBG006NJ1RF2,SASB:MK,SASBADI HOLDINGS BERHAD,Equity,Common Stock,,2017-08-09
5253,ECON:MK,BBG006K7NLP9,BBG000DM5670,ECON:MK,ECONPILE HOLDINGS BERHAD,Equity,Common Stock,,2017-06-08
5254,BPLANT:MK,BBG006JBQGV3,BBG006JBQGS7,BPLANT:MK,BOUSTEAD PLANTATIONS BERHAD,Equity,Common Stock,,2017-09-06
5255,ICON:MK,BBG006L0S6S8,BBG006L0S6Q0,ICON:MK,ICON OFFSHORE BERHAD,Equity,Common Stock,,
5256,REB:MK,BBG006W89F55,BBG006W7F8B9,REB:MK,REACH ENERGY BERHAD,Equity,Common Stock,,
5257,CARIP:MK,BBG006ND6WH7,BBG006ND6WG8,CARIP:MK,CARIMIN PETROLEUM BERHAD,Equity,Common Stock,,2015-03-04
5258,BIMB:MK,BBG000BGRNY4,BBG000BGRN56,BIMB:MK,BIMB HOLDINGS BHD,Equity,Common Stock,,2016-12-28
5259,EATECH:MK,BBG007LMY1B0,BBG001BHM814,EATECH:MK,E.A. TECHNIQUE (M) BERHAD,Equity,Common Stock,,2016-06-13
5260,OWG:MK,BBG007JSWL19,BBG007JSWKM8,OWG:MK,ONLY WORLD GROUP HOLDINGS BERHAD,Equity,Common Stock,,2016-01-13
5263,SCGB:MK,BBG007VG8QR9,BBG007VG8QQ0,SCGB:MK,SUNWAY CONSTRUCTION GROUP BERHAD,Equity,Common Stock,,2017-09-14
5264,MLK:MK,BBG008H55WK4,BBG002WMW1T2,MLK:MK,MALAKOFF CORPORATION BERHAD,Equity,Common Stock,,2017-09-08
5265,DOL:MK,BBG006TLJR62,BBG006TLJR17,DOL:MK,DOLPHIN INTERNATIONAL BERHAD,Equity,Common Stock,,
5267,XINH:MK,BBG006S3TMX3,BBG006S3TMW4,XINH:MK,XIN HWA HOLDINGS BERHAD,Equity,Common Stock,,2017-07-14
5268,IJGB:MK,BBG009J6S755,BBG009J6S737,IJGB:MK,IKHMAS JAYA GROUP BERHAD,Equity,Common Stock,,2017-08-16
5270,RSENA:MK,BBG007QY3SZ8,BBG007QY0K60,RSENA:MK,RED SENA BERHAD,Equity,Common Stock,,
5271,PECCA:MK,BBG00CLF8L47,BBG00CLF8L29,PECCA:MK,PECCA GROUP BERHAD,Equity,Common Stock,,2017-03-10
5272,RAHH:MK,BBG00BM2F143,BBG006YXG3T1,RAHH:MK,RANHILL HOLDINGS BERHAD,Equity,Common Stock,,2017-05-31
5273,CHIN:MK,BBG008MWMV95,BBG008MWMV86,CHIN:MK,CHIN HIN GROUP BERHAD,Equity,Common Stock,,2017-03-29
5274,HLG:MK,BBG000BFXF12,BBG000BFXDJ8,HLG:MK,HONG LEONG CAPITAL BHD,Equity,Common Stock,,2014-11-03
5275,BISON:MK,BBG009S22F81,BBG009S22F72,BISON:MK,BISON CONSOLIDATED BERHAD,Equity,Common Stock,,2017-07-26
5276,DMEC:MK,BBG00D6R8D44,BBG00D6R8D35,DMEC:MK,DANCOMECH HOLDINGS BERHAD,Equity,Common Stock,,2017-09-05
5277,FPG:MK,BBG00FJ60CV1,BBG00FJ60CT4,FPG:MK,FOUNDPAC GROUP BERHAD,Equity,Common Stock,,2017-05-31
5278,RMH:MK,BBG00FFGQ4L4,BBG00FF8N177,RMH:MK,RHONE MA HOLDINGS BERHAD,Equity,Common Stock,,2017-06-22
5279,SDH:MK,BBG00FP3VR62,BBG001CS7NM0,SDH:MK,SERBA DINAMIK HOLDINGS BERHAD,Equity,Common Stock,,2017-08-28
5280,KIP:MK,BBG00FP4LQJ9,BBG00FP4LQH1,KIP:MK,KIP REAL ESTATE INVESTMENT TRUST,Equity,REIT,,2017-08-09
5281,ADVC:MK,BBG00GFTN5F1,BBG00GFMLFN7,ADVC:MK,ADVANCECON HOLDINGS BERHAD,Equity,Common Stock,KLS,2017-09-14
5283,ECWI:MK,BBG00F3YG9J1,BBG007BN40M2,ECWI:MK,ECO WORLD INTERNATIONAL BERHAD,Equity,Common Stock,,
5284,TTNP:MK,BBG00GSTJT60,BBG00GSTJT51,TTNP:MK,LOTTE CHEMICAL TITAN HOLDING BERHAD,Equity,Common Stock,KLS,
5347,TNB:MK,BBG000BBBLC0,BBG000BBBKT4,TNB:MK,TENAGA NASIONAL BHD,Equity,Common Stock,,2017-05-18
5355,DD:MK,BBG000BH7QJ4,BBG000BH7Q40,DD:MK,DAIMAN DEVELOPMENT BHD,Equity,Common Stock,,2016-12-07
5371,KHI:MK,BBG000BH8QH5,BBG000BH8PR6,KHI:MK,KIM HIN INDUSTRY BHD,Equity,Common Stock,,2017-07-03
5398,GAM:MK,BBG000BH9XZ9,BBG000BH9XK5,GAM:MK,GAMUDA BHD,Equity,Common Stock,,2017-07-12
5401,TRCB:MK,BBG000BQDD60,BBG000BQDD15,TRCB:MK,TROPICANA CORPORATION BERHAD,Equity,Common Stock,,2015-06-23
5436,PER:MK,BBG000BHC0Z7,BBG000BHC0B3,PER:MK,PERUSAHAAN SADUR TIMAH MALAYSIA (PERSTIMA) BHD,Equity,Common Stock,,2017-08-04
5517,SHMB:MK,BBG000BGJC86,BBG000BGJBZ8,SHMB:MK,SHANGRI-LA HOTELS (MALAYSIA) BHD,Equity,Common Stock,,2017-06-02
5533,OCM:MK,BBG000BHQW73,BBG000BHQVY5,OCM:MK,OCB BHD,Equity,Common Stock,,2016-06-13
5568,APBB:MK,BBG000NNQ9T4,BBG000NNQ9D1,APBB:MK,APB RESOURCES BERHAD,Equity,Common Stock,,2012-06-06
5576,MIN:MK,BBG000BG6PK7,BBG000BG6P54,MIN:MK,MINHO (MALAYSIA) BHD,Equity,Common Stock,,2016-07-27
5584,YEE:MK,BBG000BJCG79,BBG000BJCG24,YEE:MK,YEE LEE CORPORATION BHD,Equity,Common Stock,,2017-06-30
5592,GRND:MK,BBG000BGD8Y2,BBG000BGD818,GRND:MK,GRAND CENTRAL ENTERPRISES BHD,Equity,Common Stock,,2017-04-26
5606,GOLD:MK,BBG000BZRT60,BBG000BZRRZ2,GOLD:MK,GOLDIS BHD,Equity,Common Stock,,2017-07-19
5606PA,GOLDMK 4 02/16/20 RCPS:BURSA MALAYSIA,BBG007XJ5JQ1,,GOLDMK 4 02/16/20 RCPS:BURSA MALAYSIA,GOLDIS BHD,Pfd,PUBLIC,,2017-07-17
5614,ILB:MK,BBG000BJT067,BBG000BJT003,ILB:MK,INTEGRATED LOGISTICS BHD,Equity,Common Stock,,2016-03-10
5622,TRIB:MK,BBG000BGFRT4,BBG000BGFR96,TRIB:MK,TRIPLC BHD,Equity,Common Stock,,2007-01-03
5649,GPB:MK,BBG000BXCYZ8,BBG000BXCYT5,GPB:MK,GOLDEN PHAROS BHD,Equity,Common Stock,,2008-09-15
5657,PKS:MK,BBG000BKLJF1,BBG000BKLJ52,PKS:MK,PARKSON HOLDINGS BHD,Equity,Common Stock,,2015-06-23
5665,SSB:MK,BBG000BZ2961,BBG000BZ28Y2,SSB:MK,SOUTHERN STEEL BHD,Equity,Common Stock,,2017-05-16
5673,IP:MK,BBG000BYXCB7,BBG000BYXBZ3,IP:MK,IPMUDA BHD,Equity,Common Stock,,2014-07-23
5681,PETD:MK,BBG000BDYBC3,BBG000BDY9X5,PETD:MK,PETRONAS DAGANGAN,Equity,Common Stock,,2017-09-05
5703,MUHI:MK,BBG000BF6LM6,BBG000BF6KP5,MUHI:MK,MUHIBBAH ENGINEERING (MALAYSIA) BHD,Equity,Common Stock,,2017-09-05
5738,CHH:MK,BBG000BCBNQ9,BBG000BCBNG0,CHH:MK,COUNTRY HEIGHTS HOLDINGS BHD,Equity,Common Stock,,
5754,UTUS:MK,BBG000DD07V6,BBG000DD0782,UTUS:MK,UTUSAN MELAYU (MALAYSIA) BHD,Equity,Common Stock,,2009-07-08
5789,LBS:MK,BBG000PCQSH7,BBG000PCQRG0,LBS:MK,LBS BINA GROUP BHD,Equity,Common Stock,,2017-08-11
5789PA,LBSMK 6 PERP RCPS:BURSA MALAYSIA,BBG00H4GCF14,,LBSMK 6 PERP RCPS:BURSA MALAYSIA,LBS BINA GROUP BHD,Pfd,PUBLIC,KLS,
5789PR,LBSR1:MK,BBG00H2CT6Z0,BBG00H2CT582,LBSR1:MK,LBS BINA GROUP BHD,Equity,Right,KLS,
5797,CBEE:MK,BBG000DFK7B1,BBG000DFK6R6,CBEE:MK,CHOO BEE METAL INDUSTRIES BHD,Equity,Common Stock,,2017-07-19
5819,HLBK:MK,BBG000BTPCC6,BBG000BTPC27,HLBK:MK,HONG LEONG BANK BHD,Equity,Common Stock,,2017-03-07
5827,OIB:MK,BBG000BZ7F71,BBG000BZ7F08,OIB:MK,ORIENTAL INTEREST BHD,Equity,Common Stock,,2017-08-18
5835,DOLM:MK,BBG000DJYPQ2,BBG000DJYNP8,DOLM:MK,DOLOMITE CORPORATION BHD,Equity,Common Stock,,
5835PA,DOLMMK 0.035 08/08/17 RCPS:BURSA MALAYSIA,BBG0038363C2,,DOLMMK 0.035 08/08/17 RCPS:BURSA MALAYSIA,DOLOMITE CORPORATION BHD,Pfd,PUBLIC,,2015-10-02
5843,KUPS:MK,BBG000GPNPN0,BBG000GPNP41,KUPS:MK,KUMPULAN PERANGSANG SELANGOR BERHAD,Equity,Common Stock,,2017-07-19
5878,KPJ:MK,BBG000B9YXF1,BBG000B9YWX3,KPJ:MK,KPJ HEALTHCARE BHD,Equity,Common Stock,,2017-09-20
5886,MBG:MK,BBG000BN6PL1,BBG000BN6P95,MBG:MK,MINTYE BERHAD,Equity,Common Stock,,2017-07-05
5908,DKSH:MK,BBG000DR86W8,BBG000DR86H5,DKSH:MK,DKSH HOLDINGS (MALAYSIA) BHD,Equity,Common Stock,,2017-06-28
5916,SMELT:MK,BBG000BSWR00,BBG000BSWQD8,SMELT:MK,MALAYSIA SMELTING CORPORATION BHD,Equity,Common Stock,,2017-06-13
5924,ACP:MK,BBG000BN2S39,BBG000BN2RL1,ACP:MK,MTD ACPI ENGINEERING BERHAD,Equity,Common Stock,,2013-10-08
5932,BIN:MK,BBG000DNGF67,BBG000DNGDW3,BIN:MK,BINA PURI HOLDINGS BHD,Equity,Common Stock,,2015-07-08
5959,AM:MK,BBG000BXX3C8,BBG000BXX2W8,AM:MK,A & M REALTY BHD,Equity,Common Stock,,2014-07-23
5983,MBM:MK,BBG000DRJF83,BBG000DRJDL3,MBM:MK,MBM RESOURCES BHD,Equity,Common Stock,,2017-03-08
6009,PO:MK,BBG000F4LCM0,BBG000F4LC77,PO:MK,PACIFIC & ORIENT BHD,Equity,Common Stock,,2017-07-24
6012,MAXIS:MK,BBG000PRVXZ7,BBG000PRVXF9,MAXIS:MK,MAXIS BERHAD,Equity,Common Stock,,2017-05-29
6017,SHLC:MK,BBG000BZ6ZG8,BBG000BZ6Y71,SHLC:MK,SHL CONSOLIDATED BHD,Equity,Common Stock,,2017-09-14
6025,BMED:MK,BBG000MCZV38,BBG000MCZT60,BMED:MK,BERJAYA MEDIA BERHAD,Equity,Common Stock,,2009-05-07
6025PA,BMEDMK 0 10/29/13:BURSA MALAYSIA,BBG000007LD0,,BMEDMK 0 10/29/13:BURSA MALAYSIA,BERJAYA MEDIA BHD,Pfd,PUBLIC,,
6033,PTG:MK,BBG000BFT8N9,BBG000BFT8B2,PTG:MK,PETRONAS GAS BHD,Equity,Common Stock,,2017-08-28
6041,FG:MK,BBG000FFD380,BBG000FFD2Q2,FG:MK,FARLIM GROUP (MALAYSIA) BHD,Equity,Common Stock,,2017-07-12
6068,PCCS:MK,BBG000FFL0G8,BBG000FFKZK7,PCCS:MK,PCCS GROUP BHD,Equity,Common Stock,,2007-09-12
6076,ENCO:MK,BBG000DKMT75,BBG000DKMSF8,ENCO:MK,ENCORP BHD,Equity,Common Stock,,2014-06-26
6084,STAR:MK,BBG000BW10L1,BBG000BW0YT0,STAR:MK,STAR MEDIA GROUP BERHAD,Equity,Common Stock,,2017-03-29
6114,MKH:MK,BBG000FFC032,BBG000FFBZH1,MKH:MK,MKH BERHAD,Equity,Common Stock,,2016-12-14
6139,STMB:MK,BBG000GXXSX5,BBG000GXXS65,STMB:MK,SYARIKAT TAKAFUL MALAYSIA BHD,Equity,Common Stock,,2016-01-21
6149,MTRD:MK,BBG000BGPKW4,BBG000BGPK54,MTRD:MK,METROD HOLDINGS BERHAD,Equity,Common Stock,,2017-06-28
6149,MTRD:MK,BBG000BGPKW4,BBG000BGPK54,MTRD:MK,METROD HOLDINGS BHD,Equity,Common Stock,,2011-07-05
6173,DRLM:MK,BBG000B9Z801,BBG000B9Z7M9,DRLM:MK,BINA DARULAMAN BHD,Equity,Common Stock,,2017-03-28
6181,MALT:MK,BBG000H44PH4,BBG000H43MG3,MALT:MK,MALTON BHD,Equity,Common Stock,,2016-11-29
6203,KHEE:MK,BBG000G8Y4M4,BBG000G8Y4C5,KHEE:MK,KHEE SAN BHD,Equity,Common Stock,,2011-01-11
6211,KIA:MK,BBG000GGZ668,BBG000GGZ597,KIA:MK,KIA LIM BHD,Equity,Common Stock,,
6238,HSL:MK,BBG000GQ53H4,BBG000GQ5384,HSL:MK,HOCK SENG LEE BHD,Equity,Common Stock,,2017-09-15
6254,PDZ:MK,BBG000GTXJH2,BBG000GTXHN9,PDZ:MK,PDZ HOLDINGS BHD,Equity,Common Stock,,2008-12-31
6262,INNO:MK,BBG000GSQKW2,BBG000GSQK70,INNO:MK,INNOPRISE PLANTATIONS BERHAD,Equity,Common Stock,,2017-05-23
6297,BPAK:MK,BBG000GVX8K7,BBG000GVX7Y4,BPAK:MK,BOX-PAK (MALAYSIA) BHD,Equity,Common Stock,,2017-02-16
6351,AMW:MK,BBG000BNXB14,BBG000BNX9T9,AMW:MK,AMWAY (MALAYSIA) HOLDINGS BHD,Equity,Common Stock,,2017-09-08
6378,TEK:MK,BBG000H62BV6,BBG000H62BB8,TEK:MK,TEKALA CORPORATION BHD,Equity,Common Stock,,2011-10-14
6399,ASTRO:MK,BBG003967NK0,BBG003967NJ2,ASTRO:MK,ASTRO MALAYSIA HOLDINGS BERHAD,Equity,Common Stock,,2017-06-30
6432,APOF:MK,BBG000C3CWP8,BBG000C3CVG0,APOF:MK,APOLLO FOOD HOLDINGS BHD,Equity,Common Stock,,2015-12-09
6459,MNRB:MK,BBG000HH0H69,BBG000HH0GN2,MNRB:MK,MNRB HOLDINGS BHD,Equity,Common Stock,,2014-09-26
6483,KNKIB:MK,BBG00F0R2129,BBG000N3YXN2,KNKIB:MK,KENANGA INVESTMENT BANK BERHAD,Equity,Common Stock,,2017-05-24
6491,FIMA:MK,BBG000HH6GJ1,BBG000HH6FR4,FIMA:MK,KUMPULAN FIMA BHD,Equity,Common Stock,,2016-09-06
6521,SURIA:MK,BBG000HK92B0,BBG000HK90Q8,SURIA:MK,SURIA CAPITAL HOLDINGS BHD,Equity,Common Stock,,2017-06-07
6548,MPL:MK,BBG000BMW9T2,BBG000BMW9C0,MPL:MK,MALAYSIA PACIFIC CORPORATION BHD,Equity,Common Stock,,
6556,AJR:MK,BBG000HKKYB7,BBG000HKKX65,AJR:MK,ANN JOO RESOURCES BHD,Equity,Common Stock,,2017-09-06
6556PA,ANNJMK 5 11/30/24 RCPS:BURSA MALAYSIA,BBG00F6LHNP7,,ANNJMK 5 11/30/24 RCPS:BURSA MALAYSIA,ANN JOO RESOURCES BHD,Pfd,PUBLIC,,2017-06-05
6572,KWAN:MK,BBG000G435S8,BBG000G435J8,KWAN:MK,KWANTAS CORPORATION BHD,Equity,Common Stock,,2015-02-24
6599,AEON:MK,BBG000HNFNH5,BBG000HNFN21,AEON:MK,AEON CO. (M) BHD.,Equity,Common Stock,,2017-06-13
6602,BCB:MK,BBG000GSC1H6,BBG000GSC131,BCB:MK,BCB BHD,Equity,Common Stock,,2016-01-05
6637,PNE:MK,BBG000BPJRM7,BBG000BPJR65,PNE:MK,PNE PCB BHD,Equity,Common Stock,,2016-02-05
6645,LTK:MK,BBG000HNT4Y3,BBG000HNT428,LTK:MK,LINGKARAN TRANS KOTA HOLDINGS BHD,Equity,Common Stock,,2017-09-18
6718,CCDO:MK,BBG000BQWQB4,BBG000BQWQ15,CCDO:MK,CRESCENDO CORPORATION (MALAYSIA) BHD,Equity,Common Stock,,2012-10-30
6742,YTLP:MK,BBG000BS3HW9,BBG000BS3H86,YTLP:MK,YTL POWER INTERNATIONAL BHD,Equity,Common Stock,,2016-10-27
6769,JKG:MK,BBG000BS4MF6,BBG000BS4LW9,JKG:MK,JKG LAND BERHAD,Equity,Common Stock,,2017-03-10
6807,PNH:MK,BBG000BW5FS7,BBG000BW5FK5,PNH:MK,PUNCAK NIAGA HOLDINGS BHD,Equity,Common Stock,,2015-12-04
6815,EUPE:MK,BBG000BWC0H4,BBG000BWBZR7,EUPE:MK,EUPE CORPORATION BHD,Equity,Common Stock,,
6874,KUBM:MK,BBG000BXPG56,BBG000BXPFR4,KUBM:MK,KUB MALAYSIA BHD,Equity,Common Stock,,2017-06-02
6888,AXIATA:MK,BBG000NXP8K4,BBG000NXP7N3,AXIATA:MK,AXIATA GROUP BERHAD,Equity,Common Stock,,2017-06-08
6904,STH:MK,BBG000BVG0T9,BBG000BVG073,STH:MK,SUBUR TIASA HOLDINGS BHD,Equity,Common Stock,,2013-11-20
6912,PSD:MK,BBG000BTPR79,BBG000BTPQV4,PSD:MK,PASDEC HOLDINGS BHD,Equity,Common Stock,,2014-08-27
6939,FHB:MK,BBG000BV5413,BBG000BV52T7,FHB:MK,FIAMMA HOLDINGS BHD,Equity,Common Stock,,2017-03-10
6947,DIGI:MK,BBG000BGBLJ2,BBG000BGBKY7,DIGI:MK,DIGI.COM BHD,Equity,Common Stock,,2017-08-29
6963,VSI:MK,BBG000BCZ671,BBG000BCZ5D6,VSI:MK,V.S. INDUSTRY BHD,Equity,Common Stock,,2017-07-10
6971,KOBAY:MK,BBG000FV0N58,BBG000FV0MN0,KOBAY:MK,KOBAY TECHNOLOGY BHD,Equity,Common Stock,,2016-12-28
6998,BKC:MK,BBG000BXDG86,BBG000BXDFJ6,BKC:MK,BINTAI KINDEN CORPORATION BHD,Equity,Common Stock,,2015-05-19
7002,NAK:MK,BBG000CWD714,BBG000CWD698,NAK:MK,NAKAMICHI CORPORATION BHD,Equity,Common Stock,,
7003,YGCB:MK,BBG000CYM0J6,BBG000CYM024,YGCB:MK,Y&G CORPORATION BHD,Equity,Common Stock,,2016-12-21
7004,MCE:MK,BBG00B6BQV70,BBG00B6BQV61,MCE:MK,MCE HOLDINGS BERHAD,Equity,Common Stock,,2017-04-26
7005,BIG:MK,BBG000FL95Q7,BBG000FL9499,BIG:MK,B.I.G. INDUSTRIES BHD,Equity,Common Stock,,
7006,LATI:MK,BBG000BX1985,BBG000BX18Y8,LATI:MK,LATITUDE TREE HOLDINGS BHD,Equity,Common Stock,,2016-12-13
7007,ARK:MK,BBG000BX47Q6,BBG000BX47H6,ARK:MK,ARK RESOURCES BHD,Equity,Common Stock,,2007-09-10
7010,GHB:MK,BBG000BXRKM6,BBG000BXRK73,GHB:MK,GRAND HOOVER BHD,Equity,Common Stock,,
7013,HUBL:MK,BBG000FVQHC5,BBG000FVQGS0,HUBL:MK,HUBLINE BHD,Equity,Common Stock,,2017-01-26
7014,YLI:MK,BBG000BXBJF4,BBG000BXBJ00,YLI:MK,YLI HOLDINGS BHD,Equity,Common Stock,,2010-11-19
7016,CHR:MK,BBG000BXBK16,BBG000BXBJR1,CHR:MK,CHUAN HUAT RESOURCES BHD,Equity,Common Stock,,2017-06-28
7017,KOMA:MK,BBG000BYF6C9,BBG000BYF620,KOMA:MK,KOMARKCORP BHD,Equity,Common Stock,,2016-10-17
7018,CME:MK,BBG000BTSXC7,BBG000BTSX55,CME:MK,CME GROUP BHD,Equity,Common Stock,,2007-01-03
7020,YKGI:MK,BBG000BYZXF5,BBG000BYZX29,YKGI:MK,YKGI HOLDINGS BERHAD,Equity,Common Stock,,2016-10-06
7022,GTB:MK,BBG000BTZ2B8,BBG000BTZ237,GTB:MK,GLOBETRONICS TECHNOLOGY BHD,Equity,Common Stock,,2017-06-16
7025,WHB:MK,BBG000BTPQ80,BBG000BTPQ35,WHB:MK,WOODLANDOR HOLDINGS BHD,Equity,Common Stock,,2007-06-28
7027,PORB:MK,BBG000BTW5X0,BBG000BTW5N1,PORB:MK,PETROL ONE RESOURCES BHD,Equity,Common Stock,,2008-01-02
7028,ZEC:MK,BBG000BGSLQ6,BBG000BGSL86,ZEC:MK,ZECON BERHAD,Equity,Common Stock,,2007-08-03
7029,MPG:MK,BBG000BZN1J1,BBG000BZN0Z5,MPG:MK,MASTER-PACK GROUP BERHAD,Equity,Common Stock,,2017-09-07
7031,AMT:MK,BBG000BVZG59,BBG000BVZG04,AMT:MK,AMTEL HOLDINGS BHD,Equity,Common Stock,,2014-06-05
7033,H&L:MK,BBG000BX8M89,BBG000BX8LS9,H&L:MK,KUMPULAN H&L HIGH-TECH BHD,Equity,Common Stock,,2017-04-06
7034,TGI:MK,BBG000BWJXH5,BBG000BWJX49,TGI:MK,THONG GUAN INDUSTRIES BHD,Equity,Common Stock,,2017-07-26
7035,CCK:MK,BBG000BGJKV2,BBG000BGJKG9,CCK:MK,CCK CONSOLIDATED HOLDINGS BHD,Equity,Common Stock,,2017-05-29
7036,BORNO:MK,BBG000BH3WW0,BBG000BH3WN0,BORNO:MK,BORNEO OIL BHD,Equity,Common Stock,,2017-05-24
7040PA,MMMMK V0 PERP:BURSA MALAYSIA,BBG000007S36,,MMMMK V0 PERP:BURSA MALAYSIA,MALAYSIAN MERCHANT MARIN,Pfd,PUBLIC,,
7043,JMR:MK,BBG000PJ2SB4,BBG000PJ2RY1,JMR:MK,JMR CONGLOMERATION BHD,Equity,Common Stock,,2016-12-14
7045,SES:MK,BBG000BYNPJ1,BBG000BYNP92,SES:MK,SCOMI ENERGY SERVICES BHD,Equity,Common Stock,,2012-08-17
7047,FBC:MK,BBG000BXJLK5,BBG000BXJKJ9,FBC:MK,FAJARBARU BUILDER GROUP BHD,Equity,Common Stock,,2016-12-06
7048,ALN:MK,BBG000FZSMS6,BBG000FZSMB4,ALN:MK,ATLAN HOLDINGS BHD,Equity,Common Stock,,2017-07-27
7048PA,ALNMK 3 03/10/08:BURSA MALAYSIA,BBG0001JJR79,,ALNMK 3 03/10/08:BURSA MALAYSIA,ATLAN HOLDINGS BERHAD,Pfd,PUBLIC,,
7050,WEC:MK,BBG000BXJK90,BBG000BXJJY5,WEC:MK,WONG ENGINEERING CORPORATION BHD,Equity,Common Stock,,2010-04-28
7051,AMTK:MK,BBG000C1VTP8,BBG000C1VSZ9,AMTK:MK,AMTEK HOLDINGS BHD,Equity,Common Stock,,
7052,PAD:MK,BBG000BXNZ74,BBG000BXNXY9,PAD:MK,PADINI HOLDINGS BHD,Equity,Common Stock,,2017-09-13
7053,SHC:MK,BBG000BBNJT4,BBG000BBNJ78,SHC:MK,SEE HUP CONSOLIDATED BHD,Equity,Common Stock,,2016-12-22
7054,AAB:MK,BBG000C1KKY9,BBG000C1KKD2,AAB:MK,ASTRAL ASIA BHD,Equity,Common Stock,,2016-05-25
7055,PLB:MK,BBG000BJ4PN0,BBG000BJ4P78,PLB:MK,PLB ENGINEERING BERHAD,Equity,Common Stock,,2017-02-23
7060,NHF:MK,BBG000C2N6M8,BBG000C2N6F6,NHF:MK,NEW HOONG FATT HOLDINGS BHD,Equity,Common Stock,,2017-06-14
7062,KHIN:MK,BBG000BPSDW7,BBG000BPSDN7,KHIN:MK,KHIND HOLDINGS BHD,Equity,Common Stock,,2013-09-13
7066,YTB:MK,BBG000C4LZ79,BBG000C4LYW4,YTB:MK,YONG TAI BHD,Equity,Common Stock,,2016-11-22
7066PA,YOTAMK 1e-06 11/27/26 ICPS:BURSA MALAYSIA,BBG00FFRY6S9,,YOTAMK 1e-06 11/27/26 ICPS:BURSA MALAYSIA,YONG TAI BHD,Pfd,PUBLIC,,
7070,VZH:MK,BBG000BLLVS8,BBG000BLLV35,VZH:MK,VIZIONE HOLDINGS BERHAD,Equity,Common Stock,,2016-11-07
7071,ONC:MK,BBG000BQ44X0,BBG000BQ43P1,ONC:MK,O&C RESOURCES BERHAD,Equity,Common Stock,,2011-08-08
7071PA,ONCRMK 5 07/24/21 ICPS:BURSA MALAYSIA,BBG00DGZVHB2,,ONCRMK 5 07/24/21 ICPS:BURSA MALAYSIA,O&C RESOURCES BERHAD,Pfd,PUBLIC,,
7073,STB:MK,BBG000BTXN60,BBG000BTXMH0,STB:MK,SEACERA GROUP BERHAD,Equity,Common Stock,,2016-09-13
7076,CBP:MK,BBG000BV6F53,BBG000BV6DT2,CBP:MK,CB INDUSTRIAL PRODUCT HOLDING BHD,Equity,Common Stock,,2017-07-27
7077,GSBG:MK,BBG000BV9CR3,BBG000BV9CJ2,GSBG:MK,GSB GROUP BHD,Equity,Common Stock,,2007-10-22
7078,AZR:MK,BBG000BV9C48,BBG000BV9BV0,AZR:MK,AHMAD ZAKI RESOURCES BHD,Equity,Common Stock,,2014-03-27
7079,TIG:MK,BBG000BMDYQ1,BBG000BMDXD7,TIG:MK,TIGER SYNERGY BERHAD,Equity,Common Stock,,2016-01-13
7080,PERM:MK,BBG000C2PRF8,BBG000C2PR59,PERM:MK,PERMAJU INDUSTRIES BHD,Equity,Common Stock,,
7081,PHRM:MK,BBG000DFCJ24,BBG000DFCHM6,PHRM:MK,PHARMANIAGA BHD,Equity,Common Stock,,2017-08-29
7082,SYF:MK,BBG000C8RJB5,BBG000C8RHZ3,SYF:MK,SYF RESOURCES BHD,Equity,Common Stock,,2017-03-13
7083,ALR:MK,BBG000CHQ027,BBG000CHPYT5,ALR:MK,ANALABS RESOURCES BHD,Equity,Common Stock,,2017-02-24
7084,QLG:MK,BBG000CBHG89,BBG000CBHFZ1,QLG:MK,QL RESOURCES BERHAD,Equity,Common Stock,,2017-09-08
7085,LTKM:MK,BBG000CB8CF0,BBG000CB8C42,LTKM:MK,LTKM BERHAD,Equity,Common Stock,,2017-09-13
7086,GFHB:MK,BBG000CC5147,BBG000CC50N8,GFHB:MK,ABLEGROUP BERHAD,Equity,Common Stock,,2011-12-12
7087,MTI:MK,BBG000CFJH68,BBG000CFJGD2,MTI:MK,MAGNI-TECH INDUSTRIES BHD,Equity,Common Stock,,2017-03-29
7088,PHR:MK,BBG000CCS8P4,BBG000CCS801,PHR:MK,POH HUAT RESOURCES HOLDINGS BHD,Equity,Common Stock,,2017-04-05
7089,LHI:MK,BBG000CGDLW4,BBG000CGDKV7,LHI:MK,LII HEN INDUSTRIES BERHAD,Equity,Common Stock,,2017-09-08
7090,APEX:MK,BBG000BVNFT8,BBG000BVNF90,APEX:MK,APEX HEALTHCARE BHD,Equity,Common Stock,,2017-05-31
7091,UGB:MK,BBG000BW2192,BBG000BW20C0,UGB:MK,UNIMECH GROUP BHD,Equity,Common Stock,,2017-06-23
7094,EURO:MK,BBG000BX3WT9,BBG000BX3WL7,EURO:MK,EUROSPAN HOLDINGS BHD,Equity,Common Stock,,2011-01-06
7095,PIE:MK,BBG000DXVCR2,BBG000DXVBX7,PIE:MK,P.I.E. INDUSTRIAL BHD,Equity,Common Stock,,2017-05-31
7096,GPA:MK,BBG000BZ3899,BBG000BZ3808,GPA:MK,GPA HOLDINGS BHD,Equity,Common Stock,,2015-05-08
7097,TWH:MK,BBG000BZ6JM7,BBG000BZ6HZ7,TWH:MK,TA WIN HOLDINGS BHD,Equity,Common Stock,,2008-07-10
7099,AGG:MK,BBG000BJJYK8,BBG000BJJY82,AGG:MK,ATTA GLOBAL GROUP BERHAD,Equity,Common Stock,,2017-05-05
7100,UCHI:MK,BBG000BXHVV3,BBG000BXHVM3,UCHI:MK,UCHI TECHNOLOGIES BHD,Equity,Common Stock,,2017-06-28
7103,SPZ:MK,BBG000BX3YX0,BBG000BX3YF0,SPZ:MK,SPRITZER BHD,Equity,Common Stock,,2017-06-07
7105,HCK:MK,BBG000BZ6GR8,BBG000BZ6GJ7,HCK:MK,HCK CAPITAL GROUP BERHAD,Equity,Common Stock,,2017-08-24
7106,SUCB:MK,BBG000BZKDP1,BBG000BZKDB6,SUCB:MK,SUPERMAX CORPORATION BHD,Equity,Common Stock,,2017-07-05
7107,OFIH:MK,BBG000BZKB11,BBG000BZK8Q1,OFIH:MK,ORIENTAL FOOD INDUSTRIES HOLDINGS BHD,Equity,Common Stock,,2017-09-11
7110,HRB:MK,BBG000DV4N74,BBG000DV4M67,HRB:MK,HAISAN RESOURCES BHD,Equity,Common Stock,,2007-07-03
7111,WEI:MK,BBG000C102R9,BBG000C101Q2,WEI:MK,WEIDA (M) BHD,Equity,Common Stock,,2016-10-06
7113,TOPG:MK,BBG000GG2GN3,BBG000GG2FH2,TOPG:MK,TOP GLOVE CORPORATION BHD,Equity,Common Stock,,2017-07-03
7114,DNON:MK,BBG000GMZSG6,BBG000GMZS76,DNON:MK,D`NONCE TECHNOLOGY BHD,Equity,Common Stock,,2015-10-27
7115,SKBS:MK,BBG000GLXW35,BBG000GLXVJ0,SKBS:MK,SKB SHUTTERS CORPORATION BHD,Equity,Common Stock,,2009-02-18
7117,CLH:MK,BBG000H9NB74,BBG000H9N9L3,CLH:MK,CENTURY LOGISTICS HOLDINGS BHD,Equity,Common Stock,,2017-08-30
7119,DGEM:MK,BBG000BGHCK4,BBG000BGHC24,DGEM:MK,DEGEM BHD,Equity,Common Stock,,2017-06-28
7120,ATEC:MK,BBG000KJ71S5,BBG000KJ70W2,ATEC:MK,ACOUSTECH BERHAD,Equity,Common Stock,,2016-06-28
7121,XLH:MK,BBG000L10J65,BBG000L10HN0,XLH:MK,XIAN LENG HOLDINGS BERHAD,Equity,Common Stock,,2007-06-27
7122,YFG:MK,BBG000L47GK2,BBG000L47FK4,YFG:MK,YFG BERHAD,Equity,Common Stock,,2011-03-01
7123,PWP:MK,BBG000BBHMK3,BBG000BBHM14,PWP:MK,PRICEWORTH INTERNATIONAL BERHAD,Equity,Common Stock,,2014-01-15
7126,LBB:MK,BBG000LH4LM3,BBG000LH4KR0,LBB:MK,LONDON BISCUITS,Equity,Common Stock,,2015-01-20
7128,CAM:MK,BBG000M31426,BBG000M313G3,CAM:MK,CAM RESOURCES BERHARD,Equity,Common Stock,,2016-12-07
7129,AF:MK,BBG000DWX043,BBG000DWWZV7,AF:MK,ASIA FILE CORPORATION BHD,Equity,Common Stock,,2017-05-09
7130,KPB:MK,BBG000BTP6W7,BBG000BTP684,KPB:MK,KUMPULAN POWERNET BERHAD,Equity,Common Stock,,2016-06-24
7131,ACME:MK,BBG000M8HSX1,BBG000M8HSC4,ACME:MK,ACME HOLDINGS BERHAD,Equity,Common Stock,,
7132,SMIS:MK,BBG000BM3TB9,BBG000BM3T56,SMIS:MK,SMIS CORP.,Equity,Common Stock,,2016-06-15
7133,UULI:MK,BBG000BFYXR4,BBG000BFYXD9,UULI:MK,UNITED U-LI CORP,Equity,Common Stock,,2017-03-29
7134,PW:MK,BBG000MTD952,BBG000MTC6W9,PW:MK,PWF CONSOLIDATED BERHAD,Equity,Common Stock,,2017-09-20
7136,HIGH:MK,BBG000MYNNG7,BBG000MYNMV2,HIGH:MK,HIGH-5 CONGLOMERATE BERHAD,Equity,Common Stock,,2008-01-22
7137,UMS:MK,BBG000GDZPH1,BBG000GDZP36,UMS:MK,UMS HOLDINGS BHD,Equity,Common Stock,,2017-03-10
7139,NCHB:MK,BBG000MV1T56,BBG000MV1RY8,NCHB:MK,NICHE CAPITAL EMAS HOLDINGS BERHAD,Equity,Common Stock,,2012-07-13
7140,OKAC:MK,BBG000MXVXD1,BBG000MXVWC4,OKAC:MK,OKA CORP,Equity,Common Stock,,2016-02-04
7143,SMC:MK,BBG000N4GK85,BBG000N4GJN1,SMC:MK,STONE MASTER CORP,Equity,Common Stock,,2015-05-27
7145,PSIP:MK,BBG000BJ9032,BBG000BJ8ZQ1,PSIP:MK,PRINSIPTEK CORP,Equity,Common Stock,,2014-09-25
7146,AEM:MK,BBG000BK7SP6,BBG000BK7RL2,AEM:MK,AE MULTI HLDGS BHD,Equity,Common Stock,,2014-11-24
7148,CCMD:MK,BBG000N9YML5,BBG000N9YL82,CCMD:MK,CCM DUOPHARMA BIOTECH BHD,Equity,Common Stock,,2017-05-26
7149,EKC:MK,BBG000NKGZJ4,BBG000NKGYW2,EKC:MK,ENG KAH CORPORATION BERHAD,Equity,Common Stock,,2017-07-27
7152,JAYC:MK,BBG000P5N9K3,BBG000P5N8Z9,JAYC:MK,JAYCORP BERHAD,Equity,Common Stock,,2017-07-13
7153,KRI:MK,BBG000FHG2L0,BBG000FHG1Q7,KRI:MK,KOSSAN RUBBER INDUSTRIES BHD,Equity,Common Stock,,2016-12-15
7154,CHB:MK,BBG000PMJDB2,BBG000PMJD86,CHB:MK,CAELY HLDGS BHD,Equity,Common Stock,,
7155,SKP:MK,BBG000BNC4F8,BBG000BNC404,SKP:MK,SKP RESOURCES BHD,Equity,Common Stock,,2016-09-01
7157,CYLC:MK,BBG000D3FSR1,BBG000D3FSC7,CYLC:MK,CYL CORPORATION BERHAD,Equity,Common Stock,,2017-05-25
7158,SGB:MK,BBG000P2TR79,BBG000P2TQV4,SGB:MK,SCOMI GROUP BHD,Equity,Common Stock,,2009-11-12
7160,PENT:MK,BBG000PMQBT9,BBG000PMQBP3,PENT:MK,PENTAMASTER CORP BHD,Equity,Common Stock,,2007-07-11
7161,KPG:MK,BBG000BTZZN2,BBG000BTZZ89,KPG:MK,KERJAYA PROSPEK GROUP BERHAD,Equity,Common Stock,,2017-08-11
7162,ASTI:MK,BBG000C71MH2,BBG000C71M00,ASTI:MK,ASTINO BERHAD,Equity,Common Stock,,2013-02-27
7163,PJSB:MK,BBG000DBKHL7,BBG000DBKH46,PJSB:MK,PJBUMI BHD,Equity,Common Stock,,2012-09-27
7164,KNMG:MK,BBG000PSK8K8,BBG000PSK8B8,KNMG:MK,KNM GROUP BERHAD,Equity,Common Stock,,2012-10-16
7165,SPRG:MK,BBG000PSJZ75,BBG000PSJYY8,SPRG:MK,SPRING GALLERY BERHAD,Equity,Common Stock,,
7165PA,SPRGAL V0 04/07/21 ICPS:BURSA MALAYSIA,BBG00CR2XN11,,SPRGAL V0 04/07/21 ICPS:BURSA MALAYSIA,SPRING GALLERY BERHAD,Pfd,PUBLIC,,2016-11-16
7167,JOHO:MK,BBG000BR7WK7,BBG000BR7VV7,JOHO:MK,JOHORE TIN BHD,Equity,Common Stock,,2017-06-13
7168,PRG:MK,BBG000BQJHP4,BBG000BQJHG4,PRG:MK,PRG HOLDINGS BERHAD,Equity,Common Stock,,2011-07-06
7169,DOME:MK,BBG000BRD7W2,BBG000BRD752,DOME:MK,DOMINANT ENTERPRISE BHD,Equity,Common Stock,,2016-09-05
7170,LFE:MK,BBG000BT0J10,BBG000BT0HW0,LFE:MK,LFE CORPORATION BERHAD,Equity,Common Stock,,
7172,PMBT:MK,BBG000BSYHR1,BBG000BSYHF4,PMBT:MK,PMB TECHNOLOGY BERHAD,Equity,Common Stock,,2013-03-15
7173,TOYO:MK,BBG000BT0P07,BBG000BT0NJ2,TOYO:MK,TOYO INK GROUP BERHAD,Equity,Common Stock,,2008-05-21
7174,CABC:MK,BBG000DFZZK3,BBG000DFZZ87,CABC:MK,CAB CAKARAN CORPORATION BHD,Equity,Common Stock,,2017-08-02
7176,TPC:MK,BBG000D5W9G1,BBG000D5W908,TPC:MK,TPC PLUS BHD,Equity,Common Stock,,
7178,YSP:MK,BBG000GNLJL3,BBG000GNLHV6,YSP:MK,Y.S.P. SOUTHEAST ASIA HOLDING BHD,Equity,Common Stock,,2017-06-28
7179,DBE:MK,BBG000HZ4HQ3,BBG000HZ4HH3,DBE:MK,DBE GURNEY RESOURCES BHD,Equity,Common Stock,,2011-02-09
7180,SKOU:MK,BBG000J7V589,BBG000J7V4F4,SKOU:MK,SERN KOU RESOURCES BHD,Equity,Common Stock,,2007-01-03
7181,ATRE:MK,BBG000J401M3,BBG000J3YZK5,ATRE:MK,ATURMAJU RESOURCES BHD,Equity,Common Stock,,
7182,EKA:MK,BBG000K48SZ0,BBG000K48SV4,EKA:MK,EKA NOODLES BERHAD,Equity,Common Stock,,2013-12-26
7183,IRET:MK,BBG000JXVX36,BBG000JXTV60,IRET:MK,IRE-TEX CORPORATION BHD,Equity,Common Stock,,2012-08-06
7184,G3G:MK,BBG000K65SM2,BBG000K65RN3,G3G:MK,G3 GLOBAL BERHAD,Equity,Common Stock,,2017-09-05
7186,SWS:MK,BBG000BCQV67,BBG000BCQTP1,SWS:MK,SWS CAPITAL BERHAD,Equity,Common Stock,,2016-06-28
7187,BOKG:MK,BBG000MP0V46,BBG000MP0TB3,BOKG:MK,BOON KOON GROUP BHD,Equity,Common Stock,,2013-06-10
7188,BTM:MK,BBG000G7SFT1,BBG000G7SF20,BTM:MK,BTM RESOURCES BHD,Equity,Common Stock,,2014-09-25
7189,MB:MK,BBG000LZYD84,BBG000LZYD11,MB:MK,MB WORLD GROUP BERHAD,Equity,Common Stock,,2012-06-18
7190,PPG:MK,BBG000NL8F69,BBG000NL8DZ2,PPG:MK,PELANGI PUBLISHING GROUP BHD,Equity,Common Stock,,2014-04-09
7191,ADV:MK,BBG000MPL620,BBG000MPL4T6,ADV:MK,ADVENTA BHD,Equity,Common Stock,,2013-01-04
7192,GII:MK,BBG000Q1MC43,BBG000Q1MBX3,GII:MK,GOODWAY INTEGRATED IND BHD,Equity,Common Stock,,2012-07-03
7195,CMT:MK,BBG000Q63Y27,BBG000Q63X74,CMT:MK,COMINTEL CORP BHD,Equity,Common Stock,,2008-08-11
7197,GSCB:MK,BBG000Q6QHW6,BBG000Q6QHR2,GSCB:MK,GE-SHEN CORPORATION BHD,Equity,Common Stock,,2007-08-06
7198,DPS:MK,BBG000D4KH33,BBG000D4KGX2,DPS:MK,DPS RESOURCES BHD,Equity,Common Stock,,2014-10-08
7199,KEIN:MK,BBG000PR0FD4,BBG000PR0DT2,KEIN:MK,KEIN HING INTERNATIONAL BHD,Equity,Common Stock,,2016-10-27
7200,TEKS:MK,BBG000BHBMD4,BBG000BHBLK8,TEKS:MK,TEK SENG HOLDING BHD,Equity,Common Stock,,2017-09-13
7201,PICB:MK,BBG000Q9L4L6,BBG000Q9L4G2,PICB:MK,PROGRESSIVE IMPACT CORPORATION BHD,Equity,Common Stock,,2017-05-26
7202,CSB:MK,BBG000Q9L1L2,BBG000Q9L187,CSB:MK,CLASSIC SCENIC BHD,Equity,Common Stock,,2016-10-31
7203,WANG:MK,BBG000Q9L5H8,BBG000Q9L5C3,WANG:MK,WANG-ZHENG BHD,Equity,Common Stock,,2017-06-28
7204,DOGT:MK,BBG000QMZWC0,BBG000QMZVP8,DOGT:MK,D&O GREEN TECHNOLOGIES BERHAD,Equity,Common Stock,,2017-07-12
7205,COLA:MK,BBG000QQ4366,BBG000QQ42Z6,COLA:MK,COCOALAND HLDGS,Equity,Common Stock,,2017-03-14
7206,RH:MK,BBG000BSRXD9,BBG000BSRX12,RH:MK,TH HEAVY ENGINEERING BERHAD,Equity,Common Stock,,2015-08-12
7206PA,RAMUMK 1 12/20/09:BURSA MALAYSIA,BBG0001JLSY4,,RAMUMK 1 12/20/09:BURSA MALAYSIA,RAMUNIA HLDGS BHD,Pfd,PUBLIC,,
7206PB,RAMUMK 3 09/07/20 ICPS:BURSA MALAYSIA,BBG009S7Q835,,RAMUMK 3 09/07/20 ICPS:BURSA MALAYSIA,TH HEAVY ENGINEERING BERHAD,Pfd,PUBLIC,,
7207,STC:MK,BBG000QQ43T1,BBG000QQ43L9,STC:MK,SUCCESS TRANSFORMER CORP BHD,Equity,Common Stock,,2016-05-17
7208,EUHO:MK,BBG000QQ44Q2,BBG000QQ4464,EUHO:MK,EURO HOLDINGS BHD,Equity,Common Stock,,2015-09-04
7209,CTH:MK,BBG000BSS5G6,BBG000BSS451,CTH:MK,CHEETAH HOLDINGS BHD,Equity,Common Stock,,2016-11-30
7210,FMH:MK,BBG000BSRW78,BBG000BSRW23,FMH:MK,FREIGHT MANAGEMENT HOLDGS BHD,Equity,Common Stock,,2017-06-28
7211,TAFI:MK,BBG000QJKZT8,BBG000QJKZF3,TAFI:MK,TAFI INDUSTRIES BHD,Equity,Common Stock,,2009-12-29
7212,DSTN:MK,BBG000CS74V4,BBG000CS74C5,DSTN:MK,DESTINI BERHAD,Equity,Common Stock,,2007-04-12
7213,HOV:MK,BBG000CHZCV9,BBG000CHZBD1,HOV:MK,HOVID BHD,Equity,Common Stock,,2016-09-13
7214,ARNK:MK,BBG000GB21J2,BBG000GB2102,ARNK:MK,A-RANK BHD,Equity,Common Stock,,2016-12-06
7215,NHR:MK,BBG000H93X87,BBG000H93X23,NHR:MK,NI HSIN RESOURCES BHD,Equity,Common Stock,,2015-02-06
7216,KFB:MK,BBG000H93QT9,BBG000H93Q46,KFB:MK,KAWAN FOOD BHD,Equity,Common Stock,,2017-09-05
7217,EONM:MK,BBG000H9C6B2,BBG000H9C659,EONM:MK,EONMETALL GROUP BHD,Equity,Common Stock,,2016-10-28
7218,TRO:MK,BBG000BYLCZ4,BBG000BYLCL9,TRO:MK,TRANSOCEAN HOLDINGS BHD,Equity,Common Stock,,
7219,MINE:MK,BBG000H99WV7,BBG000H99W83,MINE:MK,MINETECH RESOURCES BHD,Equity,Common Stock,,2014-11-05
7220,IRMG:MK,BBG000HBL299,BBG000HBL1W5,IRMG:MK,IRM GROUP BHD,Equity,Common Stock,,
7221,BSLC:MK,BBG000JJ4HM1,BBG000JJ4GT6,BSLC:MK,BSL CORPORATION BHD,Equity,Common Stock,,2009-03-11
7222,IMAS:MK,BBG000C2TLR4,BBG000C2TLG6,IMAS:MK,IMASPRO CORPORATION BHD,Equity,Common Stock,,2016-12-30
7223,JADI:MK,BBG000BTR2D5,BBG000BTR245,JADI:MK,JADI IMAGING HOLDINGS BERHAD,Equity,Common Stock,,2015-04-01
7225,PARB:MK,BBG000NP5X00,BBG000NP5WC9,PARB:MK,P.A. RESOURCES BHD,Equity,Common Stock,,2012-10-05
7226,WAT:MK,BBG000GFBRD2,BBG000GFBQL5,WAT:MK,WATTA HOLDING BHD,Equity,Common Stock,,2013-07-25
7227,UMSN:MK,BBG000BWMNQ3,BBG000BWMMM9,UMSN:MK,UMS-NEIKEN GROUP BHD,Equity,Common Stock,,2017-03-08
7228,T7G:MK,BBG000DZZXF0,BBG000DZYVK9,T7G:MK,T7 GLOBAL BERHAD,Equity,Common Stock,,2017-03-16
7229,FFB:MK,BBG000PP16J1,BBG000PP1629,FFB:MK,FAVELLE FAVCO BHD,Equity,Common Stock,,2017-09-05
7230,TOME:MK,BBG000PPKRM0,BBG000PPKRB2,TOME:MK,TOMEI CONSOLIDATED BHD,Equity,Common Stock,,2015-05-20
7231,WELL:MK,BBG000PQFHT9,BBG000PQFHK8,WELL:MK,WELLCALL HOLDINGS BHD,Equity,Common Stock,,2017-09-15
7232,RESI:MK,BBG000PPCNY5,BBG000PPCNL9,RESI:MK,RESINTECH BHD,Equity,Common Stock,,2016-09-14
7233,DUFU:MK,BBG000QXRQV7,BBG000QXRQF5,DUFU:MK,DUFU TECHNOLOGY CORP BERHAD,Equity,Common Stock,,2017-05-26
7234,MESB:MK,BBG000BY3WD4,BBG000BY3W35,MESB:MK,MESB BHD,Equity,Common Stock,,
7235,SLON:MK,BBG000R4X2W5,BBG000R4X273,SLON:MK,SUPERLON HOLDINGS BERHAD,Equity,Common Stock,,2017-07-05
7237,PWRT:MK,BBG000R6J988,BBG000R6J915,PWRT:MK,POWER ROOT BERHAD,Equity,Common Stock,,2017-09-18
7239,SCW:MK,BBG000RLN0V3,BBG000RLN0M3,SCW:MK,SCANWOLF CORPORATION BERHAD,Equity,Common Stock,,2011-09-07
7240,VOIR:MK,BBG000TGJX63,BBG000TGJW92,VOIR:MK,VOIR HOLDINGS BERHAD,Equity,Common Stock,,2011-11-01
7241,BHSI:MK,BBG000TQ93X8,BBG000TQ93K2,BHSI:MK,BHS INDUSTRIES BERHAD,Equity,Common Stock,,2015-09-07
7243,BIOO:MK,BBG000TXRHQ0,BBG000TXRGZ2,BIOO:MK,BIO OSMO BHD,Equity,Common Stock,,2016-05-06
7245,WENG:MK,BBG000V09KM6,BBG000V09KH2,WENG:MK,WZ SATU BERHAD,Equity,Common Stock,,2016-03-15
7246,SIGN:MK,BBG000R37NL2,BBG000R37N05,SIGN:MK,SIGNATURE INTERNATIONAL BERHAD,Equity,Common Stock,,2016-12-14
7247,SCGM:MK,BBG000BX39Q3,BBG000BX39B9,SCGM:MK,SCGM BHD,Equity,Common Stock,,2017-07-25
7248,SLPR:MK,BBG000RRJFX0,BBG000RRJFH8,SLPR:MK,SLP RESOURCES BERHAD,Equity,Common Stock,,2017-09-06
7249,EWEI:MK,BBG000RN4DY9,BBG000RN4DK4,EWEI:MK,EWEIN BERHAD,Equity,Common Stock,,2017-07-17
7250,UZMA:MK,BBG000DXRK17,BBG000DXRJH3,UZMA:MK,UZMA BHD,Equity,Common Stock,,2014-12-08
7251,BARAKAH:MK,BBG000BSMKG9,BBG000BSMK33,BARAKAH:MK,BARAKAH OFFSHORE PETROLEUM BERHAD,Equity,Common Stock,,2015-06-24
7252,TSCB:MK,BBG000PQ2T35,BBG000PQ2S91,TSCB:MK,TEO SENG CAPITAL BHD,Equity,Common Stock,,2016-11-18
7253,HDL:MK,BBG000NBGK43,BBG000NBGJJ0,HDL:MK,HANDAL RESOURCES BERHAD,Equity,Common Stock,,2012-06-19
7277,DLG:MK,BBG000GG7Y68,BBG000GG7XB4,DLG:MK,DIALOG GROUP BHD,Equity,Common Stock,,2017-06-09
7285,TOMY:MK,BBG000GQLQY6,BBG000GQLQN8,TOMY:MK,TOMYPAK HOLDINGS BHD,Equity,Common Stock,,2017-09-19
7293,YNS:MK,BBG000FT9RK8,BBG000FT9R73,YNS:MK,YINSON HOLDINGS BHD,Equity,Common Stock,,2017-07-18
7315,AHBH:MK,BBG000DF3F68,BBG000DF3D09,AHBH:MK,AHB HOLDINGS BHD,Equity,Common Stock,,2014-08-05
7323,KEN:MK,BBG000GM1JQ2,BBG000GM1JD6,KEN:MK,KEN HOLDINGS BHD,Equity,Common Stock,,2016-06-09
7366,SEB:MK,BBG000GMC2N0,BBG000GMC2F9,SEB:MK,SCOMI ENGINEERING BHD,Equity,Common Stock,,2010-07-28
7374,TWP:MK,BBG000GZVXN2,BBG000GZVXC4,TWP:MK,TIEN WAH PRESS HOLDINGS BHD,Equity,Common Stock,,2017-06-07
7382,GLBH:MK,BBG000JRRT15,BBG000JRRSJ8,GLBH:MK,GOLDEN LAND BERHAD,Equity,Common Stock,,2017-09-08
7412,SHH:MK,BBG000H04N69,BBG000H04LX3,SHH:MK,SHH RESOURCES HOLDINGS BHD,Equity,Common Stock,,2016-12-22
7439,TGN:MK,BBG000H1YQW8,BBG000H1YQ76,TGN:MK,TECK GUAN PERDANA BHD,Equity,Common Stock,,
7471,EDN:MK,BBG000H7SJT2,BBG000H7SJ67,EDN:MK,EDEN INC. BERHAD,Equity,Common Stock,,
7498,RALC:MK,BBG000HC3DK0,BBG000HC3D84,RALC:MK,RALCO CORPORATION BHD,Equity,Common Stock,,2009-11-19
7501,HARN:MK,BBG000HDBV47,BBG000HDBTG9,HARN:MK,HARN LEN CORPORATION BHD,Equity,Common Stock,,2014-08-22
7528,DKLS:MK,BBG000HFMPN2,BBG000HFMNY5,DKLS:MK,DKLS INDUSTRIES BHD,Equity,Common Stock,,2014-07-23
7544,QC:MK,BBG000HKGTP8,BBG000HKGSW2,QC:MK,QUALITY CONCRETE HOLDINGS BHD,Equity,Common Stock,,2011-12-01
7579,AWCF:MK,BBG000HPNLQ5,BBG000HPNL03,AWCF:MK,AWC BERHAD,Equity,Common Stock,,2017-03-15
7595,MLG:MK,BBG000HL4JD4,BBG000HL4H39,MLG:MK,ML GLOBAL BERHAD,Equity,Common Stock,,2007-01-03
7609,AJY:MK,BBG000HQFMB6,BBG000HQFLK8,AJY:MK,AJIYA BHD,Equity,Common Stock,,2015-05-15
7617,MAGNA:MK,BBG000HSY0N6,BBG000HSXZR6,MAGNA:MK,MAGNA PRIMA BHD,Equity,Common Stock,,2015-08-28
7668,HAIO:MK,BBG000HFG1M3,BBG000HFG1C4,HAIO:MK,HAI-O ENTERPRISE BERHAD,Equity,Common Stock,,2017-03-28
7676,GNC:MK,BBG000HQMQ38,BBG000HQMP49,GNC:MK,GUNUNG CAPITAL BHD,Equity,Common Stock,,2015-06-12
7692,WMB:MK,BBG000BPBCH4,BBG000BPBCB0,WMB:MK,WIDETECH (MALAYSIA) BHD,Equity,Common Stock,,
7722,ABB:MK,BBG000BLGMY7,BBG000BLGLB4,ABB:MK,ASIA BRANDS BERHAD,Equity,Common Stock,,2015-09-18
7757,UPA:MK,BBG000BLJ2Z7,BBG000BLJ2D1,UPA:MK,UPA CORPORATION BHD,Equity,Common Stock,,2017-09-13
7765,RSB:MK,BBG000BPBBC1,BBG000BPB9S9,RSB:MK,RAPID SYNERGY BHD,Equity,Common Stock,,2008-06-04
7773,EPMB:MK,BBG000BB1ZS3,BBG000BB1ZC0,EPMB:MK,EP MANUFACTURING BHD,Equity,Common Stock,,2016-01-06
7773PA,EPMBMK 17.5 06/23/08 ICUP:BURSA MALAYSIA,BBG0001JK0Q5,,EPMBMK 17.5 06/23/08 ICUP:BURSA MALAYSIA,EP MANUFACTURING BERHAD,Pfd,PUBLIC,,
7773PB,EPMBMK 17.5 06/23/08 RCPS:BURSA MALAYSIA,BBG0001JK0R4,,EPMBMK 17.5 06/23/08 RCPS:BURSA MALAYSIA,EP MANUFACTURING BERHAD,Pfd,PUBLIC,,
7803,RBRX:MK,BBG000BR9016,BBG000BR8ZK9,RBRX:MK,RUBBEREX CORPORATION (MALAYSIA) BHD,Equity,Common Stock,,2017-07-26
7811,SAPU:MK,BBG000BRWMB1,BBG000BRWLM1,SAPU:MK,SAPURA INDUSTRIAL BHD.,Equity,Common Stock,,2017-08-04
7854,TWB:MK,BBG000BS1N76,BBG000BS1MJ5,TWB:MK,TIMBERWELL BHD,Equity,Common Stock,,2007-10-11
7889,TGB:MK,BBG000BVKDB5,BBG000BVKCT8,TGB:MK,THRIVEN GLOBAL BERHAD,Equity,Common Stock,,2015-10-01
7935,MILUX:MK,BBG000BVPK60,BBG000BVPHK1,MILUX:MK,MILUX CORPORATION BHD,Equity,Common Stock,,2009-02-26
7943,SAND:MK,BBG000BBL5F1,BBG000BBL4K8,SAND:MK,SAND NISKO CAPITAL BERHAD,Equity,Common Stock,,
7986,CNAC:MK,BBG000BWL2J8,BBG000BWL1R1,CNAC:MK,CN ASIA CORPORATION BHD,Equity,Common Stock,,2007-07-05
8044,CFM:MK,BBG000BFHKK8,BBG000BFHJW8,CFM:MK,COMPUTER FORMS (MALAYSIA) BHD,Equity,Common Stock,,
8052,CIC:MK,BBG000BFHJG6,BBG000BFHJ49,CIC:MK,CENTRAL INDUSTRIAL CORPORATION BHD,Equity,Common Stock,,2012-06-20
8079,LSKG:MK,BBG000Q636F4,BBG000Q63520,LSKG:MK,LEE SWEE KIAT GROUP,Equity,Common Stock,,
8117,PGF:MK,BBG000BFHMQ8,BBG000BFHMB4,PGF:MK,POLY GLASS FIBRE (MALAYSIA) BHD,Equity,Common Stock,,
8125,DPP:MK,BBG000BFHL99,BBG000BFHKW5,DPP:MK,DAIBOCHI PLASTIC & PACKAGING INDUSTRIES BHD,Equity,Common Stock,,2017-06-09
8133,BHIC:MK,BBG000BN5439,BBG000BN53S4,BHIC:MK,BOUSTEAD HEAVY INDUSTRIES CORPORATION BHD,Equity,Common Stock,,2017-03-13
8141,MJPR:MK,BBG000BG3BC0,BBG000BG3B49,MJPR:MK,MAJUPERAK HOLDINGS BHD,Equity,Common Stock,,2016-05-27
8176,DEN:MK,BBG000BG2T87,BBG000BG2S61,DEN:MK,DENKO INDUSTRIES CORPORATION BHD,Equity,Common Stock,,2012-10-16
8192,MER:MK,BBG000BG2X33,BBG000BG2WS8,MER:MK,MERCURY INDUSTRIES BHD,Equity,Common Stock,,2016-12-13
8206,ECW:MK,BBG000BTXXJ4,BBG000BTXXB2,ECW:MK,ECO WORLD DEVELOPMENT GROUP BERHAD,Equity,Common Stock,,2015-03-03
8273,PP:MK,BBG000BH7DF7,BBG000BH7CT4,PP:MK,PUBLIC PACKAGES HOLDINGS BHD,Equity,Common Stock,,2017-09-13
8303,KFM:MK,BBG000BH7FX2,BBG000BH7FG1,KFM:MK,KUANTAN FLOUR MILLS BHD,Equity,Common Stock,,2011-09-20
8311,PESONA:MK,BBG000MB7707,BBG000MB7690,PESONA:MK,PESONA METRO HOLDINGS BERHAD,Equity,Common Stock,,2017-05-26
8338,DATA:MK,BBG000BH7GF0,BBG000BH7G79,DATA:MK,DATAPREP HOLDINGS BHD,Equity,Common Stock,,2007-08-20
8346,PRK:MK,BBG000BQBXZ6,BBG000BQBXR5,PRK:MK,PERAK CORPORATION BHD,Equity,Common Stock,,2015-06-05
8362,KYM:MK,BBG000BNZQX4,BBG000BNZQR1,KYM:MK,KYM HOLDINGS BHD,Equity,Common Stock,,
8397,TNL:MK,BBG000BGRHB2,BBG000BGRH22,TNL:MK,TIONG NAM LOGISTICS HOLDINGS BHD,Equity,Common Stock,,2017-08-29
8419,PNSR:MK,BBG000BGRJB8,BBG000BGRHR5,PNSR:MK,PANSAR BERHAD,Equity,Common Stock,,2017-08-23
8435,CEP:MK,BBG000BGRMW8,BBG000BGRM85,CEP:MK,CONCRETE ENGINEERING PRODUCTS BHD,Equity,Common Stock,,2013-11-18
8443,HIL:MK,BBG000BGRQ59,BBG000BGRPV2,HIL:MK,HIL INDUSTRIES BHD,Equity,Common Stock,,2017-07-26
8478,HWA:MK,BBG000BGL025,BBG000BGKZP4,HWA:MK,HWA TAI INDUSTRIES BHD,Equity,Common Stock,,2015-03-12
8486,POS:MK,BBG000BFXQM5,BBG000BFXPW6,POS:MK,LION FOREST INDUSTRIES BHD,Equity,Common Stock,,2013-12-19
8494,LBIC:MK,BBG000BRGJF2,BBG000BRGHY5,LBIC:MK,LBI CAPITAL BHD.,Equity,Common Stock,,2017-06-09
8524,TWK:MK,BBG000BJ05K1,BBG000BJ05D9,TWK:MK,TALIWORKS CORP. BHD,Equity,Common Stock,,2017-08-29
8532,SNHB:MK,BBG000BGN0X9,BBG000BGN0L2,SNHB:MK,SINOTOP HOLDINGS BERHAD,Equity,Common Stock,,2017-03-28
8567,SALC:MK,BBG000BCPVZ6,BBG000BCPV40,SALC:MK,SALCON BHD,Equity,Common Stock,,2017-06-28
8583,MSGB:MK,BBG000BHK033,BBG000BHJZW6,MSGB:MK,MAH SING GROUP BHD,Equity,Common Stock,,2015-01-22
8591,CBH:MK,BBG000BHQ929,BBG000BHQ8X7,CBH:MK,CREST BUILDER HOLDINGS BHD.,Equity,Common Stock,,2017-06-21
8605,FFHB:MK,BBG000BHY458,BBG000BHY3S5,FFHB:MK,FEDERAL FURNITURE HOLDINGS (MALAYSIA) BHD,Equity,Common Stock,,2016-06-01
8605PA,FFHBMK 8 11/27/26 RCPS:BURSA MALAYSIA,BBG00FFRXFJ0,,FFHBMK 8 11/27/26 RCPS:BURSA MALAYSIA,FEDERAL FURNITURE HOLDINGS (MALAYSIA) BHD,Pfd,PUBLIC,,2017-08-15
8613,ENRA:MK,BBG000BTFQR0,BBG000BTFQ27,ENRA:MK,ENRA GROUP BERHAD,Equity,Common Stock,,2016-07-28
8621,LPI:MK,BBG000BNKDY8,BBG000BNKDN0,LPI:MK,LPI CAPITAL BHD,Equity,Common Stock,,2017-02-20
8648,JKB:MK,BBG000BCW0G7,BBG000BCW059,JKB:MK,JASA KITA BHD,Equity,Common Stock,,2013-09-23
8664,SPSB:MK,BBG000BJ9283,BBG000BJ9176,SPSB:MK,SP SETIA BHD,Equity,Common Stock,,2017-09-12
8664PA,SPSBMK 6.49 PERP RCPs:BURSA MALAYSIA,BBG00FGQ4827,,SPSBMK 6.49 PERP RCPs:BURSA MALAYSIA,SP SETIA BHD,Pfd,PUBLIC,,2017-08-29
8672,KGMB:MK,BBG000CQK4Y0,BBG000CQK4P0,KGMB:MK,KAMDAR GROUP (M) BHD,Equity,Common Stock,,2014-07-17
8702,TEX:MK,BBG000BG9RP5,BBG000BG9R66,TEX:MK,TEXCHEM RESOURCES BHD,Equity,Common Stock,,2016-12-23
8745,LEWE:MK,BBG000BJBG89,BBG000BJBFW4,LEWE:MK,LEWEKO RESOURCES BHD,Equity,Common Stock,,2008-06-30
8761,BREM:MK,BBG000BJN045,BBG000BJMZT2,BREM:MK,BREM HOLDINGS BHD,Equity,Common Stock,,2016-09-28
8834,IREKA:MK,BBG000BJN143,BBG000BJN0M5,IREKA:MK,IREKA CORPORATION BHD,Equity,Common Stock,,2015-12-03
8869,PRESS:MK,BBG000BJN7C1,BBG000BJN6M2,PRESS:MK,PRESS METAL ALUMINIUM HOLDINGS BERHAD,Equity,Common Stock,KLS,2017-08-30
8869,PRESS:MK,BBG000BJN7C1,BBG000BJN6M2,PRESS:MK,PRESS METAL BHD,Equity,Common Stock,,2017-06-02
8877,EKO:MK,BBG000BJWW27,BBG000BJWVV7,EKO:MK,EKOVEST BHD,Equity,Common Stock,,2017-02-23
8885,RP:MK,BBG000B9ZXZ8,BBG000B9ZXK4,RP:MK,RELIANCE PACIFIC BHD,Equity,Common Stock,,2009-02-18
8893,MKL:MK,BBG000BSL911,BBG000BSL813,MKL:MK,MK LAND HOLDINGS BHD,Equity,Common Stock,,2014-12-11
8907,EG:MK,BBG000BTZ4V2,BBG000BTZ4L3,EG:MK,EG INDUSTRIES BHD,Equity,Common Stock,,2015-10-08
8923,JIB:MK,BBG000BF2SW4,BBG000BF2S36,JIB:MK,JIANKUN INTERNATIONAL BERHAD,Equity,Common Stock,,2014-11-28
8931,MCL:MK,BBG000BYPFM7,BBG000BYPD24,MCL:MK,JERASIA CAPITAL BHD,Equity,Common Stock,,2012-09-06
8966,PROL:MK,BBG000BF2PY8,BBG000BF2NT9,PROL:MK,PROLEXUS BHD,Equity,Common Stock,,2017-07-27
8982,CWG:MK,BBG000BTK4T1,BBG000BTK420,CWG:MK,CEPATWAWASAN GROUP BHD,Equity,Common Stock,,2017-04-21
9008,OMST:MK,BBG000C0DDB0,BBG000C0DCK2,OMST:MK,OMESTI BERHAD,Equity,Common Stock,,2015-09-07
9008PA,FMRBMK 2 01/21/09:BURSA MALAYSIA,BBG0001JL4W9,,FMRBMK 2 01/21/09:BURSA MALAYSIA,FORMIS RESOURCES BHD,Pfd,PUBLIC,,
9016,EKSON:MK,BBG000JKLLC1,BBG000JKKHG7,EKSON:MK,EKSONS CORPORATION BHD,Equity,Common Stock,,2013-10-08
9059,TSH:MK,BBG000BDZFS6,BBG000BDZF79,TSH:MK,TSH RESOURCES BHD,Equity,Common Stock,,2017-05-24
9075,THETA:MK,BBG000BFQL26,BBG000BFQK91,THETA:MK,THETA EDGE BERHAD,Equity,Common Stock,,2011-05-30
9083,KJB:MK,BBG000BFD6G8,BBG000BFD5W2,KJB:MK,KUMPULAN JETSON BHD,Equity,Common Stock,,2011-06-28
9091,EMI:MK,BBG000BF6RD3,BBG000BF6QF3,EMI:MK,EMICO HOLDINGS BHD,Equity,Common Stock,,
9113,SBUMI:MK,BBG000BV2R24,BBG000BV2QW3,SBUMI:MK,SANBUMI HOLDINGS BHD,Equity,Common Stock,,
9121,KPS:MK,BBG000BKP460,BBG000BKP3P1,KPS:MK,KPS CONSORTIUM BHD.,Equity,Common Stock,,
9148,APT:MK,BBG000BJWJ08,BBG000BJWHK0,APT:MK,ADVANCED PACKAGING TECHNOLOGY (MALAYSIA) BHD,Equity,Common Stock,,2017-06-28
9172,FOR:MK,BBG000BJ91N8,BBG000BJ9158,FOR:MK,FORMOSA PROSONIC INDUSTRIES BHD,Equity,Common Stock,,2017-03-29
9199,LYSA:MK,BBG000CKHZH7,BBG000CKHZ87,LYSA:MK,LYSAGHT GALVANIZED STEEL BHD,Equity,Common Stock,,2017-06-07
9237,SCIB:MK,BBG000BR9ZD6,BBG000BR9Z19,SCIB:MK,SARAWAK CONSOLIDATED INDUSTRIES BERHAD,Equity,Common Stock,,
9261,GADG:MK,BBG000JN5J38,BBG000JN5HX9,GADG:MK,GADANG HOLDINGS BHD,Equity,Common Stock,,2016-11-23
9288,BON:MK,BBG000BTPL54,BBG000BTPKS1,BON:MK,BONIA CORPORATION BHD,Equity,Common Stock,,2016-11-28
9296,RCE:MK,BBG000C1WGB0,BBG000C1WFW9,RCE:MK,RCE CAPITAL BHD,Equity,Common Stock,,2017-09-05
9296PA,RCEMK 20 12/31/19 RCPS:BURSA MALAYSIA,BBG003H5D0J8,,RCEMK 20 12/31/19 RCPS:BURSA MALAYSIA,RCE CAPITAL BHD,Pfd,PUBLIC,,2014-11-25
9318,FIT:MK,BBG000DJQTN6,BBG000DJQSS3,FIT:MK,FITTERS DIVERSIFIED BERHAD,Equity,Common Stock,,2014-06-17
9326,LBA:MK,BBG000C4H384,BBG000C4H2B2,LBA:MK,LB ALUMINIUM BHD,Equity,Common Stock,,2016-09-30
9334,KESM:MK,BBG000DD06J2,BBG000DD0602,KESM:MK,KESM INDUSTRIES BHD,Equity,Common Stock,,2017-08-02
9342,ANZO:MK,BBG000BQGM30,BBG000BQGLY8,ANZO:MK,ANZO HOLDINGS BERHAD,Equity,Common Stock,,2009-10-22
9369,TGL:MK,BBG000DD3422,BBG000DD33Y9,TGL:MK,TEO GUAN LEE CORPORATION BHD,Equity,Common Stock,,2016-11-29
9377,FSBM:MK,BBG000NCRYQ5,BBG000NCRYD9,FSBM:MK,FSBM HOLDINGS BERHAD,Equity,Common Stock,,2012-03-16
9385,LAY:MK,BBG000BMM5Q4,BBG000BMM4R6,LAY:MK,LAY HONG BHD,Equity,Common Stock,,2016-10-12
9393,INDU:MK,BBG000BZVVH8,BBG000BZVV88,INDU:MK,INDUSTRONICS BHD,Equity,Common Stock,,
9407,PU:MK,BBG000BT6P56,BBG000BT6NZ8,PU:MK,PARAGON UNION BHD,Equity,Common Stock,,2009-07-06
9423,CWAH:MK,BBG000CM6HG6,BBG000CM6H67,CWAH:MK,CWG HOLDINGS BERHAD,Equity,Common Stock,KLS,2017-09-12
9423,CWAH:MK,BBG000CM6HG6,BBG000CM6H67,CWAH:MK,CHEE WAH CORPORATION BHD,Equity,Common Stock,,2016-12-28
9431,SENI:MK,BBG000DLWRB1,BBG000DLWQX9,SENI:MK,SENI JAYA CORPORATION BHD,Equity,Common Stock,,2017-06-28
9466,KKB:MK,BBG000DJ8QG0,BBG000DJ8Q16,KKB:MK,KKB ENGINEERING BHD,Equity,Common Stock,,2016-05-19
9474,BRAH:MK,BBG000DL4156,BBG000DL40J3,BRAH:MK,BRAHIMS HOLDINGS BERHAD,Equity,Common Stock,,
9539,MUH:MK,BBG000DP5RC1,BBG000DP5QY9,MUH:MK,MULTI-USAGE HOLDINGS BHD,Equity,Common Stock,,
9571,MHB:MK,BBG000DQSG92,BBG000DQSG29,MHB:MK,MITRAJAYA HOLDINGS BHD,Equity,Common Stock,,2015-08-17
9598,PINT:MK,BBG000BVJ8Y3,BBG000BVJ8K8,PINT:MK,PINTARAS JAYA BHD,Equity,Common Stock,,2017-06-09
9601,HWG:MK,BBG000DRJD24,BBG000DRJCW3,HWG:MK,HO WAH GENTING BHD,Equity,Common Stock,,2016-01-07
9628,LDB:MK,BBG000KZHZ30,BBG000KZHXN3,LDB:MK,LEBTECH BERHAD,Equity,Common Stock,,
9679,WCTHG:MK,BBG000DZ8NN3,BBG000DZ8N62,WCTHG:MK,WCT HOLDINGS BHD,Equity,Common Stock,,2017-06-06
9679,WCTHG:MK,BBG000DZ8NN3,BBG000DZ8N62,WCTHG:MK,WCT HOLDINGS BHD,Equity,Common Stock,,2012-09-04
9679PA,WCTHG 13.5 08/06/12 ICPS:BURSA MALAYSIA,BBG000004R40,,WCTHG 13.5 08/06/12 ICPS:BURSA MALAYSIA,WCT BHD,Pfd,PUBLIC,,
9687,IUB:MK,BBG000CJR344,BBG000CJR2L7,IUB:MK,IDEAL UNITED BINTANG INTERNATIONAL BERHAD,Equity,Common Stock,KLS,
9687,IUB:MK,BBG000CJR344,BBG000CJR2L7,IUB:MK,IDEAL UNITED BINTANG BERHAD,Equity,Common Stock,,
9695,PLS:MK,BBG000DRJ8J7,BBG000DRJ843,PLS:MK,PLS PLANTATIONS BERHAD,Equity,Common Stock,,2007-10-17
9717,SYC:MK,BBG000DRJ9C2,BBG000DRJ8S7,SYC:MK,SYCAL VENTURES BERHAD,Equity,Common Stock,,
9776,FARM:MK,BBG000F4YK20,BBG000F4YJM1,FARM:MK,SINMAH CAPITAL BERHAD,Equity,Common Stock,,
9792,SYS:MK,BBG000F4YL00,BBG000F4YKH4,SYS:MK,SEG INTERNATIONAL BHD,Equity,Common Stock,,2017-01-10
9806,NATH:MK,BBG00FF8MVN4,BBG00FF8MVM5,NATH:MK,NATIONWIDE EXPRESS HOLDINGS BERHAD,Equity,Common Stock,,
9814,BERT:MK,BBG000BB9NW7,BBG000BB9N66,BERT:MK,BERTAM ALLIANCE BHD.,Equity,Common Stock,,2014-03-12
9822,SEQB:MK,BBG000F3VZN9,BBG000F3VZJ4,SEQB:MK,SAM ENGINEERING & EQUIPMENT (M) BERHAD,Equity,Common Stock,,2017-07-19
9865,SW:MK,BBG000BYK3B1,BBG000BYK330,SW:MK,SUIWAH CORPORATION BHD,Equity,Common Stock,,2016-11-01
9873,PRST:MK,BBG000BCJPC1,BBG000BCJNW4,PRST:MK,PRESTAR RESOURCES BHD,Equity,Common Stock,,2017-06-05
9881,LDST:MK,BBG000BCNBV6,BBG000BCNBH2,LDST:MK,LEADER STEEL HOLDINGS BHD,Equity,Common Stock,,2011-08-10
9938,BPKG:MK,BBG000FL0H80,BBG000FL0GC7,BPKG:MK,BRIGHT PACKAGING INDUSTRY BHD,Equity,Common Stock,,2017-09-13
9946,REX:MK,BBG000F00DF7,BBG000F00CG8,REX:MK,REX INDUSTRY BHD,Equity,Common Stock,,2017-07-27
9954,ASK:MK,BBG000C4FNZ2,BBG000C4FNJ0,ASK:MK,ASIA KNIGHT BERHAD,Equity,Common Stock,,
9962,GMUT:MK,BBG000QRZLP9,BBG000QRZLJ6,GMUT:MK,GROMUTUAL BHD,Equity,Common Stock,,2016-09-14
9997,PSN:MK,BBG000FT9FL3,BBG000FT9DG4,PSN:MK,PENSONIC HOLDINGS BHD,Equity,Common Stock,,2016-12-13
